time,target_inclination,sensor_inclination,target_orientation,sensor_orientation
0.00,10,0.14,90,0.00
0.02,10,0.14,90,0.00
0.04,10,0.14,90,0.00
0.06,10,0.14,90,0.00
0.08,10,0.14,90,0.00
0.10,10,0.12,90,0.00
0.12,10,0.14,90,0.00
0.14,10,0.17,90,0.00
0.16,10,0.22,90,0.00
0.18,10,0.25,90,0.00
0.20,10,0.25,90,0.00
0.22,10,0.21,90,0.00
0.24,10,0.18,90,0.00
0.26,10,0.17,90,0.00
0.28,10,0.16,90,0.00
0.30,10,0.16,90,0.00
0.32,10,0.17,90,0.00
0.34,10,0.15,90,0.00
0.36,10,0.16,90,0.00
0.38,10,0.13,90,0.00
0.41,10,0.12,90,0.00
0.43,10,0.17,90,0.00
0.45,10,0.27,90,0.00
0.47,10,0.24,90,0.00
0.49,10,0.26,90,0.00
0.51,10,0.33,90,0.00
0.53,10,0.38,90,0.00
0.55,10,0.40,90,0.00
0.57,10,0.46,90,0.00
0.59,10,0.59,90,0.00
0.61,10,0.67,90,0.00
0.63,10,0.74,90,0.00
0.65,10,0.83,90,0.00
0.67,10,0.96,90,0.00
0.69,10,1.10,90,0.00
0.71,10,1.21,90,0.00
0.73,10,1.22,90,0.00
0.76,10,1.35,90,0.00
0.78,10,1.48,90,0.00
0.80,10,1.50,90,0.00
0.82,10,1.57,90,0.00
0.84,10,1.73,90,0.00
0.86,10,1.95,90,0.00
0.88,10,2.12,90,0.00
0.90,10,2.25,90,0.00
0.92,10,2.43,90,0.00
0.94,10,2.74,90,0.00
0.96,10,2.94,90,0.00
0.98,10,3.07,90,0.00
1.00,10,3.36,90,0.00
1.02,10,3.64,90,0.00
1.04,10,3.84,90,0.00
1.06,10,4.02,90,0.00
1.08,10,4.32,90,0.00
1.10,10,4.56,90,0.00
1.13,10,4.76,90,0.00
1.15,10,5.06,90,47.67
1.17,10,5.34,90,48.47
1.19,10,5.55,90,48.53
1.21,10,5.63,90,47.34
1.23,10,6.13,90,49.54
1.25,10,6.41,90,50.29
1.27,10,6.48,90,49.82
1.29,10,6.49,90,49.14
1.31,10,6.69,90,49.38
1.33,10,6.96,90,50.93
1.35,10,7.11,90,51.17
1.37,10,7.29,90,49.78
1.39,10,7.48,90,49.40
1.41,10,7.68,90,50.42
1.43,10,7.84,90,50.49
1.45,10,7.92,90,49.81
1.47,10,8.03,90,50.26
1.50,10,8.18,90,51.41
1.52,10,8.28,90,51.50
1.54,10,8.36,90,51.21
1.56,10,8.46,90,51.29
1.58,10,8.65,90,52.15
1.60,10,8.81,90,52.75
1.62,10,8.86,90,53.37
1.64,10,8.94,90,54.24
1.66,10,9.19,90,54.73
1.68,10,9.29,90,55.21
1.70,10,9.33,90,55.19
1.72,10,9.49,90,54.97
1.74,10,9.65,90,54.76
1.76,10,9.75,90,54.94
1.78,10,9.88,90,55.11
1.80,10,10.00,90,55.21
1.82,10,10.12,90,55.60
1.84,10,10.17,90,55.67
1.86,10,10.15,90,55.52
1.89,10,10.17,90,56.05
1.91,10,10.10,90,56.33
1.93,10,10.09,90,56.61
1.95,10,10.04,90,56.66
1.97,10,10.11,90,57.54
1.99,10,10.24,90,58.38
2.01,10,10.36,90,58.53
2.03,10,10.58,90,59.08
2.05,10,10.72,90,59.34
2.07,10,10.66,90,59.02
2.09,10,10.75,90,59.19
2.12,10,10.85,90,59.51
2.14,10,10.91,90,59.97
2.16,10,10.83,90,60.04
2.18,10,10.84,90,60.35
2.20,10,10.97,90,60.84
2.22,10,10.82,90,60.50
2.24,10,10.89,90,61.09
2.26,10,11.01,90,61.45
2.28,10,11.04,90,61.47
2.30,10,11.12,90,61.87
2.32,10,11.15,90,61.98
2.34,10,11.15,90,61.96
2.36,10,11.23,90,62.44
2.38,10,11.33,90,62.91
2.40,10,11.31,90,62.93
2.42,10,11.28,90,62.99
2.44,10,11.37,90,63.42
2.46,10,11.50,90,63.79
2.49,10,11.51,90,63.68
2.51,10,11.53,90,64.00
2.53,10,11.72,90,64.67
2.55,10,11.80,90,64.73
2.57,10,11.53,90,63.94
2.59,10,11.66,90,64.71
2.61,10,11.91,90,65.42
2.63,10,11.88,90,65.24
2.65,10,11.68,90,64.94
2.67,10,11.79,90,65.16
2.69,10,11.91,90,64.93
2.71,10,11.89,90,65.24
2.73,10,11.85,90,65.55
2.75,10,12.06,90,65.79
2.77,10,12.09,90,65.92
2.79,10,11.92,90,66.09
2.81,10,11.91,90,66.65
2.83,10,11.86,90,66.96
2.85,10,11.73,90,66.98
2.88,10,11.75,90,67.23
2.90,10,11.81,90,67.50
2.92,10,11.82,90,67.70
2.94,10,11.83,90,67.95
2.96,10,11.86,90,68.21
2.98,10,11.87,90,68.05
3.00,10,11.94,90,68.87
3.02,10,11.90,90,69.52
3.04,10,11.96,90,69.42
3.06,10,12.09,90,69.54
3.08,10,12.07,90,69.81
3.10,10,12.07,90,70.06
3.12,10,12.13,90,70.09
3.14,10,12.14,90,70.06
3.16,10,12.21,90,70.49
3.18,10,12.15,90,70.48
3.20,10,12.15,90,70.62
3.22,10,12.19,90,70.91
3.24,10,12.05,90,70.81
3.27,10,12.03,90,70.53
3.29,10,12.20,90,71.46
3.31,10,12.12,90,71.56
3.33,10,12.14,90,71.79
3.35,10,12.06,90,72.29
3.37,10,12.06,90,72.69
3.39,10,12.07,90,72.77
3.41,10,12.02,90,72.83
3.43,10,12.03,90,73.04
3.45,10,12.04,90,73.05
3.47,10,12.06,90,73.15
3.49,10,12.12,90,73.31
3.51,10,12.11,90,73.13
3.53,10,12.19,90,73.50
3.55,10,12.18,90,74.00
3.57,10,12.16,90,74.19
3.59,10,12.18,90,74.20
3.61,10,12.12,90,74.40
3.63,10,12.18,90,74.54
3.66,10,12.17,90,74.60
3.68,10,12.20,90,74.99
3.70,10,12.29,90,75.23
3.72,10,12.33,90,75.20
3.74,10,12.36,90,75.18
3.76,10,12.36,90,75.17
3.78,10,12.33,90,75.11
3.80,10,12.35,90,75.10
3.82,10,12.33,90,75.44
3.84,10,12.34,90,75.63
3.86,10,12.37,90,75.36
3.88,10,12.34,90,74.99
3.90,10,12.31,90,75.43
3.92,10,12.32,90,76.06
3.94,10,12.32,90,76.09
3.96,10,12.26,90,76.13
3.98,10,12.28,90,76.38
4.00,10,12.34,90,76.53
4.02,10,12.37,90,76.39
4.05,10,12.29,90,76.11
4.07,10,12.26,90,76.08
4.09,10,12.30,90,76.36
4.11,10,12.35,90,77.12
4.13,10,12.31,90,77.01
4.15,10,12.30,90,76.96
4.17,10,12.32,90,77.20
4.19,10,12.32,90,77.51
4.21,10,12.28,90,77.71
4.23,10,12.24,90,77.66
4.25,10,12.25,90,77.76
4.27,10,12.25,90,77.93
4.29,10,12.23,90,77.88
4.31,10,12.21,90,77.80
4.33,10,12.24,90,77.97
4.35,10,12.28,90,78.10
4.37,10,12.30,90,78.22
4.39,10,12.35,90,78.38
4.41,10,12.37,90,78.40
4.44,10,12.37,90,78.50
4.46,10,12.37,90,78.55
4.48,10,12.36,90,78.49
4.50,10,12.39,90,78.30
4.52,10,12.40,90,78.10
4.54,10,12.46,90,78.36
4.56,10,12.51,90,78.60
4.58,10,12.47,90,78.83
4.60,10,12.41,90,79.06
4.62,10,12.31,90,79.45
4.64,10,12.20,90,79.80
4.66,10,12.13,90,79.84
4.68,10,12.13,90,80.06
4.70,10,12.23,90,81.12
4.72,10,12.27,90,81.46
4.74,10,12.24,90,81.09
4.76,10,12.18,90,80.83
4.78,10,12.22,90,81.45
4.80,10,12.20,90,81.56
4.83,10,12.16,90,81.57
4.85,10,12.18,90,81.67
4.87,10,12.25,90,81.81
4.89,10,12.30,90,81.82
4.91,10,12.31,90,81.84
4.93,10,12.32,90,81.87
4.95,10,12.28,90,81.67
4.97,10,12.24,90,81.65
4.99,10,12.29,90,82.33
5.01,10,12.38,90,83.02
5.03,10,12.38,90,82.92
5.05,10,12.30,90,82.78
5.07,10,12.27,90,82.96
5.09,10,12.26,90,82.93
5.11,10,12.22,90,83.02
5.13,10,12.19,90,83.34
5.15,10,12.21,90,83.48
5.17,10,12.22,90,83.22
5.20,10,12.18,90,83.35
5.22,10,12.17,90,83.71
5.24,10,12.17,90,83.81
5.26,10,12.11,90,83.68
5.28,10,12.11,90,84.19
5.30,10,12.11,90,84.57
5.32,10,12.07,90,84.58
5.34,10,11.98,90,84.30
5.36,10,11.97,90,84.43
5.38,10,11.99,90,84.52
5.40,10,11.91,90,84.56
5.42,10,11.83,90,84.81
5.44,10,11.85,90,84.98
5.46,10,11.87,90,84.97
5.48,10,11.85,90,84.89
5.50,10,11.85,90,84.96
5.52,10,11.87,90,85.14
5.54,10,11.87,90,85.09
5.56,10,11.85,90,85.03
5.59,10,11.90,90,85.45
5.61,10,11.92,90,85.59
5.63,10,11.86,90,85.43
5.65,10,11.79,90,85.66
5.67,10,11.78,90,86.01
5.69,10,11.79,90,86.08
5.71,10,11.74,90,85.82
5.73,10,11.73,90,85.97
5.75,10,11.81,90,86.05
5.77,10,11.84,90,85.81
5.79,10,11.80,90,85.85
5.81,10,11.78,90,85.98
5.83,10,11.85,90,86.03
5.85,10,11.89,90,86.09
5.87,10,11.83,90,85.99
5.89,10,11.80,90,86.43
5.91,10,11.79,90,86.65
5.93,10,11.68,90,86.77
5.95,10,11.58,90,87.15
5.98,10,11.63,90,87.36
6.00,10,11.66,90,87.42
6.02,10,11.63,90,87.77
6.04,10,11.59,90,88.35
6.06,10,11.64,90,88.09
6.08,10,11.62,90,88.25
6.10,10,11.56,90,88.53
6.12,10,11.54,90,88.40
6.14,10,11.51,90,88.10
6.16,10,11.48,90,88.24
6.18,10,11.51,90,88.60
6.20,10,11.54,90,88.77
6.22,10,11.52,90,88.82
6.24,10,11.53,90,88.96
6.26,10,11.58,90,88.76
6.28,10,11.61,90,88.45
6.30,10,11.61,90,88.32
6.32,10,11.64,90,88.27
6.34,10,11.68,90,88.15
6.37,10,11.70,90,88.23
6.39,10,11.69,90,88.66
6.41,10,11.68,90,89.10
6.43,10,11.69,90,89.36
6.45,10,11.69,90,89.43
6.47,10,11.70,90,89.66
6.49,10,11.67,90,89.86
6.51,10,11.62,90,89.75
6.53,10,11.59,90,89.51
6.55,10,11.67,90,89.57
6.57,10,11.79,90,89.63
6.59,10,11.77,90,89.61
6.61,10,11.73,90,89.61
6.63,10,11.79,90,89.74
6.65,10,11.80,90,89.91
6.67,10,11.71,90,89.91
6.69,10,11.65,90,89.75
6.71,10,11.72,90,90.04
6.73,10,11.68,90,90.28
6.76,10,11.65,90,90.12
6.78,10,11.69,90,90.30
6.80,10,11.68,90,90.93
6.82,10,11.56,90,90.90
6.84,10,11.47,90,90.97
6.86,10,11.49,90,91.32
6.88,10,11.48,90,91.53
6.90,10,11.43,90,91.70
6.92,10,11.40,90,91.93
6.94,10,11.41,90,92.00
6.96,10,11.42,90,92.00
6.98,10,11.43,90,92.12
7.00,10,11.45,90,92.33
7.02,10,11.42,90,92.41
7.04,10,11.37,90,92.53
7.06,10,11.37,90,92.70
7.08,10,11.34,90,92.72
7.10,10,11.24,90,92.78
7.12,10,11.23,90,92.88
7.15,10,11.34,90,92.85
7.17,10,11.33,90,92.73
7.19,10,11.27,90,92.78
7.21,10,11.24,90,92.91
7.23,10,11.18,90,93.03
7.25,10,11.15,90,93.11
7.27,10,11.14,90,93.15
7.29,10,11.15,90,93.04
7.31,10,11.18,90,92.88
7.33,10,11.16,90,92.92
7.35,10,11.12,90,92.96
7.37,10,11.14,90,92.78
7.39,10,11.13,90,92.71
7.41,10,11.06,90,92.90
7.43,10,11.00,90,93.02
7.45,10,11.04,90,93.05
7.47,10,11.04,90,93.18
7.49,10,10.94,90,93.37
7.52,10,10.95,90,93.32
7.54,10,10.93,90,93.35
7.56,10,10.90,90,93.46
7.58,10,10.88,90,93.39
7.60,10,10.86,90,93.34
7.62,10,10.85,90,93.44
7.64,10,10.87,90,93.45
7.66,10,10.84,90,93.28
7.68,10,10.84,90,93.32
7.70,10,10.84,90,93.28
7.72,10,10.80,90,93.19
7.74,10,10.78,90,93.20
7.76,10,10.79,90,93.22
7.78,10,10.80,90,93.18
7.80,10,10.80,90,93.07
7.82,10,10.82,90,92.95
7.84,10,10.84,90,92.83
7.86,10,10.87,90,92.66
7.88,10,10.89,90,92.57
7.91,10,10.89,90,92.49
7.93,10,10.89,90,92.41
7.95,10,10.86,90,92.62
7.97,10,10.82,90,92.83
7.99,10,10.77,90,92.99
8.01,10,10.72,90,93.14
8.03,10,10.69,90,93.23
8.05,10,10.68,90,93.23
8.07,10,10.69,90,93.20
8.09,10,10.72,90,93.14
8.11,10,10.74,90,93.06
8.13,10,10.76,90,92.97
8.15,10,10.77,90,92.87
8.17,10,10.79,90,92.79
8.19,10,10.79,90,92.77
8.21,10,10.79,90,92.76
8.23,10,10.80,90,92.72
8.25,10,10.80,90,92.73
8.27,10,10.79,90,92.75
8.30,10,10.77,90,92.76
8.32,10,10.77,90,92.81
8.34,10,10.75,90,92.92
8.36,10,10.72,90,93.02
8.38,10,10.73,90,92.99
8.40,10,10.75,90,92.95
8.42,10,10.73,90,93.05
8.44,10,10.71,90,93.13
8.46,10,10.71,90,93.09
8.48,10,10.74,90,93.06
8.50,10,10.76,90,93.04
8.52,10,10.76,90,92.95
8.54,10,10.78,90,92.86
8.56,10,10.79,90,92.83
8.58,10,10.78,90,92.79
8.60,10,10.77,90,92.76
8.62,10,10.78,90,92.76
8.64,10,10.76,90,92.78
8.66,10,10.75,90,92.76
8.69,10,10.75,90,92.78
8.71,10,10.74,90,92.85
8.73,10,10.70,90,92.97
8.75,10,10.66,90,93.13
8.77,10,10.64,90,93.27
8.79,10,10.62,90,93.37
8.81,10,10.60,90,93.49
8.83,10,10.61,90,93.54
8.85,10,10.62,90,93.61
8.87,10,10.60,90,93.72
8.89,10,10.57,90,93.83
8.91,10,10.57,90,93.81
8.93,10,10.62,90,93.76
8.95,10,10.60,90,93.80
8.97,10,10.56,90,93.77
8.99,10,10.57,90,93.65
9.01,10,10.59,90,93.66
9.03,10,10.57,90,93.78
9.05,10,10.55,90,93.76
9.08,10,10.57,90,93.65
9.10,10,10.62,90,93.55
9.12,10,10.64,90,93.30
9.14,10,10.69,90,92.96
9.16,10,10.74,90,92.81
9.18,10,10.77,90,92.76
9.20,10,10.77,90,92.65
9.22,10,10.76,90,92.68
9.24,10,10.76,90,92.79
9.26,10,10.75,90,92.90
9.28,10,10.73,90,92.97
9.30,10,10.72,90,93.13
9.32,10,10.73,90,93.17
9.34,10,10.73,90,93.17
9.36,10,10.67,90,93.32
9.38,10,10.63,90,93.46
9.40,10,10.59,90,93.51
9.42,10,10.55,90,93.58
9.45,10,10.54,90,93.61
9.47,10,10.51,90,93.55
9.49,10,10.46,90,93.56
9.51,10,10.44,90,93.67
9.53,10,10.43,90,93.75
9.55,10,10.39,90,93.78
9.57,10,10.36,90,93.86
9.59,10,10.38,90,93.96
9.61,10,10.38,90,93.89
9.63,10,10.40,90,93.83
9.65,10,10.41,90,93.83
9.67,10,10.44,90,93.79
9.69,10,10.47,90,93.69
9.71,10,10.44,90,93.63
9.73,10,10.45,90,93.55
9.75,10,10.48,90,93.40
9.77,10,10.50,90,93.26
9.79,10,10.51,90,93.12
9.81,10,10.55,90,93.00
9.84,10,10.58,90,92.96
9.86,10,10.60,90,92.99
9.88,10,10.58,90,93.02
9.90,10,10.56,90,93.09
9.92,10,10.54,90,93.16
9.94,10,10.51,90,93.16
9.96,10,10.48,90,93.15
9.98,10,10.48,90,93.18
10.00,10,10.48,90,93.19
10.02,10,10.47,90,93.15
10.04,10,10.47,90,93.09
10.06,10,10.48,90,93.11
10.08,10,10.49,90,93.13
10.10,10,10.49,90,93.19
10.12,10,10.50,90,93.10
10.14,10,10.54,90,92.92
10.16,10,10.57,90,92.71
10.18,10,10.60,90,92.54
10.20,10,10.61,90,92.43
10.23,10,10.61,90,92.41
10.25,10,10.61,90,92.45
10.27,10,10.56,90,92.66
10.29,10,10.50,90,92.97
10.31,10,10.48,90,93.19
10.33,10,10.44,90,93.33
10.35,10,10.41,90,93.41
10.37,10,10.41,90,93.45
10.39,10,10.38,90,93.49
10.41,10,10.35,90,93.56
10.43,10,10.34,90,93.61
10.45,10,10.33,90,93.59
10.47,10,10.34,90,93.58
10.49,10,10.33,90,93.61
10.51,10,10.34,90,93.58
10.53,10,10.37,90,93.51
10.55,10,10.36,90,93.53
10.57,10,10.36,90,93.48
10.60,10,10.39,90,93.40
10.62,10,10.41,90,93.33
10.64,10,10.40,90,93.35
10.66,10,10.39,90,93.39
10.68,10,10.39,90,93.40
10.70,10,10.40,90,93.44
10.72,10,10.41,90,93.42
10.74,10,10.41,90,93.40
10.76,10,10.40,90,93.37
10.78,10,10.40,90,93.27
10.80,10,10.41,90,93.16
10.82,10,10.43,90,93.09
10.84,10,10.44,90,92.98
10.86,10,10.45,90,92.89
10.88,10,10.46,90,92.87
10.90,10,10.45,90,92.89
10.92,10,10.44,90,92.95
10.94,10,10.42,90,93.02
10.97,10,10.41,90,93.09
10.99,10,10.41,90,93.15
11.01,10,10.39,90,93.22
11.03,10,10.36,90,93.28
11.05,10,10.35,90,93.29
11.07,10,10.35,90,93.35
11.09,10,10.34,90,93.36
11.11,10,10.33,90,93.34
11.13,10,10.34,90,93.31
11.15,10,10.35,90,93.36
11.17,10,10.33,90,93.40
11.19,10,10.31,90,93.44
11.21,10,10.30,90,93.51
11.23,10,10.29,90,93.60
11.25,10,10.28,90,93.67
11.27,10,10.28,90,93.67
11.29,10,10.31,90,93.59
11.31,10,10.34,90,93.48
11.33,10,10.38,90,93.36
11.35,10,10.41,90,93.23
11.38,10,10.44,90,93.14
11.40,10,10.46,90,93.06
11.42,10,10.45,90,93.10
11.44,10,10.43,90,93.16
11.46,10,10.41,90,93.26
11.48,10,10.39,90,93.36
11.50,10,10.36,90,93.42
11.52,10,10.35,90,93.46
11.54,10,10.33,90,93.52
11.56,10,10.33,90,93.57
11.58,10,10.31,90,93.56
11.60,10,10.30,90,93.57
11.62,10,10.29,90,93.60
11.64,10,10.28,90,93.59
11.66,10,10.28,90,93.56
11.68,10,10.29,90,93.54
11.70,10,10.29,90,93.50
11.72,10,10.31,90,93.45
11.75,10,10.35,90,93.41
11.77,10,10.37,90,93.40
11.79,10,10.36,90,93.41
11.81,10,10.35,90,93.37
11.83,10,10.37,90,93.34
11.85,10,10.37,90,93.33
11.87,10,10.35,90,93.33
11.89,10,10.36,90,93.33
11.91,10,10.36,90,93.36
11.93,10,10.34,90,93.37
11.95,10,10.32,90,93.36
11.97,10,10.30,90,93.44
11.99,10,10.30,90,93.52
12.01,10,10.29,90,93.53
12.03,10,10.29,90,93.54
12.05,10,10.30,90,93.56
12.07,10,10.28,90,93.52
12.09,10,10.27,90,93.46
12.11,10,10.27,90,93.47
12.14,10,10.27,90,93.48
12.16,10,10.26,90,93.44
12.18,10,10.26,90,93.42
12.20,10,10.29,90,93.30
12.22,10,10.33,90,93.14
12.24,10,10.35,90,92.98
12.26,10,10.37,90,92.85
12.28,10,10.38,90,92.80
12.30,10,10.39,90,92.83
12.32,10,10.40,90,92.84
12.34,10,10.39,90,92.82
12.36,10,10.39,90,92.79
12.38,10,10.39,90,92.79
12.40,10,10.38,90,92.82
12.42,10,10.37,90,92.88
12.44,10,10.33,90,93.08
12.46,10,10.29,90,93.30
12.48,10,10.25,90,93.46
12.50,10,10.21,90,93.56
12.53,10,10.18,90,93.68
12.55,10,10.16,90,93.78
12.57,10,10.15,90,93.86
12.59,10,10.15,90,93.95
12.61,10,10.16,90,94.01
12.63,10,10.16,90,94.03
12.65,10,10.18,90,94.01
12.67,10,10.21,90,93.92
12.69,10,10.23,90,93.81
12.71,10,10.23,90,93.72
12.73,10,10.23,90,93.68
12.75,10,10.23,90,93.66
12.77,10,10.23,90,93.64
12.79,10,10.22,90,93.62
12.81,10,10.22,90,93.61
12.84,10,10.21,90,93.64
12.86,10,10.19,90,93.66
12.88,10,10.18,90,93.68
12.90,10,10.15,90,93.75
12.92,10,10.12,90,93.88
12.94,10,10.13,90,93.89
12.96,10,10.14,90,93.90
12.98,10,10.14,90,93.93
13.00,10,10.18,90,93.77
13.02,10,10.22,90,93.66
13.04,10,10.25,90,93.58
13.06,10,10.26,90,93.51
13.08,10,10.28,90,93.44
13.10,10,10.31,90,93.36
13.12,10,10.32,90,93.33
13.14,10,10.31,90,93.31
13.16,10,10.31,90,93.32
13.18,10,10.31,90,93.30
13.21,10,10.29,90,93.32
13.23,10,10.27,90,93.42
13.25,10,10.26,90,93.55
13.27,10,10.24,90,93.65
13.29,10,10.22,90,93.59
13.31,10,10.23,90,93.60
13.33,10,10.24,90,93.61
13.35,10,10.22,90,93.72
13.37,10,10.18,90,93.90
13.39,10,10.16,90,94.01
13.41,10,10.14,90,94.09
13.43,10,10.12,90,94.11
13.45,10,10.09,90,94.15
13.47,10,10.10,90,94.12
13.49,10,10.11,90,94.05
13.51,10,10.12,90,93.96
13.53,10,10.14,90,93.87
13.56,10,10.16,90,93.78
13.58,10,10.18,90,93.73
13.60,10,10.19,90,93.71
13.62,10,10.20,90,93.72
13.64,10,10.20,90,93.74
13.66,10,10.19,90,93.76
13.68,10,10.18,90,93.75
13.70,10,10.17,90,93.74
13.72,10,10.18,90,93.76
13.74,10,10.20,90,93.70
13.76,10,10.23,90,93.54
13.78,10,10.27,90,93.34
13.80,10,10.31,90,93.16
13.82,10,10.34,90,93.03
13.84,10,10.36,90,92.98
13.86,10,10.36,90,92.98
13.89,10,10.35,90,93.02
13.91,10,10.33,90,93.10
13.93,10,10.31,90,93.17
13.95,10,10.30,90,93.27
13.97,10,10.29,90,93.36
13.99,10,10.28,90,93.45
14.01,10,10.29,90,93.50
14.03,10,10.28,90,93.50
14.05,10,10.28,90,93.50
14.07,10,10.28,90,93.44
14.09,10,10.28,90,93.37
14.11,10,10.28,90,93.37
14.13,10,10.27,90,93.41
14.15,10,10.25,90,93.50
14.17,10,10.23,90,93.57
14.19,10,10.21,90,93.62
14.22,10,10.19,90,93.66
14.24,10,10.18,90,93.71
14.26,10,10.19,90,93.81
14.28,10,10.23,90,93.83
14.30,10,10.27,90,93.66
14.32,10,10.29,90,93.55
14.34,10,10.31,90,93.48
14.36,10,10.32,90,93.44
14.38,10,10.32,90,93.37
14.40,10,10.28,90,93.48
14.42,10,10.24,90,93.68
14.44,10,10.21,90,93.83
14.46,10,10.18,90,94.02
14.48,10,10.16,90,94.11
14.50,10,10.16,90,94.14
14.52,10,10.17,90,94.10
14.54,10,10.18,90,94.04
14.57,10,10.20,90,93.95
14.59,10,10.21,90,93.86
14.61,10,10.22,90,93.81
14.63,10,10.23,90,93.85
14.65,10,10.21,90,93.92
14.67,10,10.20,90,94.03
14.69,10,10.20,90,94.08
14.71,10,10.19,90,94.06
14.73,10,10.20,90,94.02
14.75,10,10.22,90,93.98
14.77,10,10.22,90,93.92
14.79,10,10.24,90,93.85
14.81,10,10.26,90,93.79
14.83,10,10.28,90,93.76
14.85,10,10.28,90,93.73
14.87,10,10.28,90,93.73
14.89,10,10.27,90,93.66
14.92,10,10.26,90,93.61
14.94,10,10.24,90,93.67
14.96,10,10.24,90,93.70
14.98,10,10.23,90,93.70
15.00,10,10.24,90,93.59
15.02,10,10.23,90,93.48
15.04,10,10.24,90,93.49
15.06,10,10.24,90,93.48
15.08,10,10.21,90,93.35
15.10,10,10.18,90,93.36
15.12,10,10.20,90,93.41
15.14,10,10.19,90,93.43
15.16,10,10.15,90,93.48
15.18,10,10.14,90,93.52
15.20,10,10.15,90,93.53
15.22,10,10.15,90,93.48
15.24,10,10.14,90,93.41
15.26,10,10.15,90,93.28
15.29,10,10.13,90,93.33
15.31,10,10.10,90,93.45
15.33,10,10.08,90,93.53
15.35,10,10.08,90,93.56
15.37,10,10.08,90,93.64
15.39,10,10.07,90,93.71
15.41,10,10.06,90,93.75
15.43,10,10.07,90,93.75
15.45,10,10.07,90,93.79
15.47,10,10.06,90,93.83
15.49,10,10.08,90,93.84
15.51,10,10.10,90,93.83
15.53,10,10.11,90,93.78
15.55,10,10.13,90,93.69
15.57,10,10.15,90,93.54
15.59,10,10.18,90,93.35
15.61,10,10.19,90,93.20
15.63,10,10.19,90,93.11
15.65,10,10.20,90,93.10
15.67,10,10.18,90,93.16
15.70,10,10.14,90,93.32
15.72,10,10.08,90,93.55
15.74,10,10.05,90,93.80
15.76,10,10.01,90,93.93
15.78,10,9.98,90,93.98
15.80,10,9.99,90,93.90
15.82,10,10.03,90,93.71
15.84,10,10.06,90,93.52
15.86,10,10.11,90,93.32
15.88,10,10.16,90,93.17
15.90,10,10.16,90,93.02
15.92,10,10.16,90,92.86
15.94,10,10.17,90,92.80
15.96,10,10.18,90,92.82
15.98,10,10.17,90,92.87
16.00,10,10.17,90,92.93
16.02,10,10.16,90,93.02
16.04,10,10.15,90,93.09
16.07,10,10.14,90,93.07
16.09,10,10.15,90,93.09
16.11,10,10.15,90,93.13
16.13,10,10.15,90,93.14
16.15,10,10.13,90,93.14
16.17,10,10.12,90,93.17
16.19,10,10.11,90,93.26
16.21,10,10.11,90,93.33
16.23,10,10.12,90,93.37
16.25,10,10.13,90,93.40
16.27,10,10.14,90,93.40
16.29,10,10.13,90,93.40
16.31,10,10.13,90,93.40
16.33,10,10.11,90,93.44
16.35,10,10.05,90,93.63
16.37,10,10.03,90,93.75
16.39,10,10.02,90,93.86
16.41,10,10.01,90,93.92
16.43,10,10.01,90,93.98
16.45,10,10.01,90,93.99
16.48,10,10.02,90,93.92
16.50,10,10.02,90,93.82
16.52,10,10.03,90,93.74
16.54,10,10.05,90,93.68
16.56,10,10.07,90,93.59
16.58,10,10.08,90,93.50
16.60,10,10.09,90,93.32
16.62,10,10.11,90,93.23
16.64,10,10.12,90,93.19
16.66,10,10.12,90,93.16
16.68,10,10.12,90,93.15
16.70,10,10.12,90,93.13
16.72,10,10.10,90,93.21
16.74,10,10.05,90,93.47
16.76,10,9.98,90,93.75
16.78,10,9.94,90,93.93
16.80,10,9.92,90,94.04
16.82,10,9.90,90,94.15
16.85,10,9.91,90,94.04
16.87,10,9.94,90,93.86
16.89,10,9.98,90,93.71
16.91,10,10.02,90,93.56
16.93,10,10.04,90,93.43
16.95,10,10.06,90,93.34
16.97,10,10.05,90,93.38
16.99,10,10.04,90,93.46
17.01,10,10.01,90,93.67
17.03,10,9.99,90,93.79
17.05,10,9.97,90,93.85
17.07,10,9.96,90,93.89
17.09,10,9.95,90,93.94
17.11,10,9.93,90,93.96
17.13,10,9.92,90,93.99
17.15,10,9.90,90,94.01
17.17,10,9.91,90,93.96
17.19,10,9.91,90,93.87
17.22,10,9.92,90,93.82
17.24,10,9.93,90,93.78
17.26,10,9.96,90,93.74
17.28,10,9.96,90,93.65
17.30,10,9.95,90,93.56
17.32,10,9.96,90,93.46
17.34,10,9.97,90,93.35
17.36,10,9.97,90,93.29
17.38,10,9.97,90,93.28
17.40,10,9.96,90,93.33
17.42,10,9.95,90,93.37
17.44,10,9.94,90,93.41
17.46,10,9.94,90,93.43
17.48,10,9.95,90,93.45
17.50,10,9.98,90,93.33
17.52,10,10.02,90,93.18
17.54,10,10.05,90,93.03
17.56,10,10.07,90,92.92
17.58,10,10.08,90,92.87
17.61,10,10.08,90,92.81
17.63,10,10.07,90,92.88
17.65,10,10.05,90,93.01
17.67,10,10.02,90,93.17
17.69,10,9.99,90,93.33
17.71,10,9.98,90,93.41
17.73,10,9.97,90,93.52
17.75,10,9.97,90,93.48
17.77,10,10.00,90,93.30
17.79,10,10.04,90,93.20
17.81,10,10.07,90,93.17
17.83,10,10.07,90,93.12
17.85,10,10.07,90,93.08
17.87,10,10.08,90,93.06
17.89,10,10.07,90,93.03
17.91,10,10.05,90,93.04
17.93,10,10.05,90,93.07
17.95,10,10.03,90,93.12
17.97,10,10.01,90,93.14
18.00,10,9.99,90,93.16
18.02,10,9.96,90,93.31
18.04,10,9.91,90,93.53
18.06,10,9.87,90,93.76
18.08,10,9.85,90,93.92
18.10,10,9.83,90,94.03
18.12,10,9.82,90,94.05
18.14,10,9.84,90,94.04
18.16,10,9.85,90,94.06
18.18,10,9.86,90,94.05
18.20,10,9.86,90,94.00
18.22,10,9.87,90,93.97
18.24,10,9.89,90,93.94
18.26,10,9.90,90,93.86
18.28,10,9.91,90,93.79
18.30,10,9.93,90,93.74
18.32,10,9.94,90,93.68
18.34,10,9.92,90,93.66
18.37,10,9.92,90,93.67
18.39,10,9.93,90,93.71
18.41,10,9.91,90,93.79
18.43,10,9.88,90,93.85
18.45,10,9.87,90,93.81
18.47,10,9.88,90,93.79
18.49,10,9.86,90,93.82
18.51,10,9.86,90,93.79
18.53,10,9.88,90,93.78
18.55,10,9.88,90,93.81
18.57,10,9.84,90,93.90
18.59,10,9.81,90,93.95
18.61,10,9.81,90,94.00
18.63,10,9.81,90,94.02
18.65,10,9.81,90,94.02
18.67,10,9.81,90,94.01
18.69,10,9.84,90,93.98
18.71,10,9.85,90,93.96
18.73,10,9.84,90,93.93
18.76,10,9.85,90,93.81
18.78,10,9.85,90,93.80
18.80,10,9.84,90,93.89
18.82,10,9.82,90,94.00
18.84,10,9.82,90,94.07
18.86,10,9.82,90,94.13
18.88,10,9.81,90,94.17
18.90,10,9.80,90,94.17
18.92,10,9.79,90,94.27
18.94,10,9.78,90,94.34
18.96,10,9.78,90,94.34
18.98,10,9.77,90,94.33
19.00,10,9.76,90,94.31
19.02,10,9.76,90,94.29
19.04,10,9.78,90,94.20
19.06,10,9.81,90,94.04
19.08,10,9.83,90,93.91
19.10,10,9.85,90,93.85
19.12,10,9.86,90,93.78
19.15,10,9.87,90,93.76
19.17,10,9.86,90,93.72
19.19,10,9.85,90,93.71
19.21,10,9.86,90,93.75
19.23,10,9.86,90,93.71
19.25,10,9.85,90,93.73
19.27,10,9.85,90,93.78
19.29,10,9.84,90,93.82
19.31,10,9.83,90,93.89
19.33,10,9.81,90,93.97
19.35,10,9.79,90,94.12
19.37,10,9.77,90,94.19
19.39,10,9.76,90,94.22
19.41,10,9.76,90,94.24
19.43,10,9.77,90,94.12
19.45,10,9.78,90,94.06
19.47,10,9.79,90,94.02
19.49,10,9.81,90,93.96
19.51,10,9.82,90,93.94
19.54,10,9.84,90,93.86
19.56,10,9.85,90,93.80
19.58,10,9.84,90,93.71
19.60,10,9.83,90,93.60
19.62,10,9.84,90,93.59
19.64,10,9.85,90,93.62
19.66,10,9.84,90,93.62
19.68,10,9.84,90,93.64
19.70,10,9.84,90,93.69
19.72,10,9.85,90,93.74
19.74,10,9.84,90,93.77
19.76,10,9.82,90,93.79
19.79,10,9.87,90,93.74
19.81,10,9.91,90,93.63
19.83,10,9.91,90,93.64
19.85,10,9.85,90,93.73
19.87,10,9.85,90,93.68
19.89,10,9.87,90,93.65
19.91,10,9.85,90,93.68
19.93,10,9.81,90,93.73
19.95,10,9.83,90,93.69
19.97,10,9.86,90,93.70
19.99,10,9.85,90,93.71
0.00,20,9.83,90,93.66
0.02,20,9.84,90,93.68
0.04,20,9.86,90,93.70
0.06,20,9.83,90,93.72
0.08,20,9.81,90,93.79
0.10,20,9.80,90,93.98
0.12,20,9.78,90,94.09
0.14,20,9.75,90,94.14
0.16,20,9.74,90,94.24
0.19,20,9.75,90,94.36
0.21,20,9.75,90,94.32
0.23,20,9.74,90,94.29
0.25,20,9.74,90,94.28
0.27,20,9.71,90,94.29
0.29,20,9.70,90,94.22
0.31,20,9.76,90,94.07
0.33,20,9.75,90,94.26
0.35,20,9.74,90,94.46
0.37,20,9.75,90,94.43
0.39,20,9.78,90,93.87
0.41,20,9.84,90,93.69
0.43,20,9.97,90,94.36
0.45,20,9.99,90,94.28
0.47,20,9.88,90,93.70
0.49,20,10.06,90,93.71
0.51,20,10.34,90,93.58
0.53,20,10.24,90,92.83
0.55,20,10.04,90,92.55
0.58,20,10.17,90,92.43
0.60,20,10.39,90,92.03
0.62,20,10.34,90,91.91
0.64,20,10.32,90,92.30
0.66,20,10.48,90,92.11
0.68,20,10.63,90,91.24
0.70,20,10.65,90,90.11
0.72,20,10.83,90,90.02
0.74,20,11.13,90,89.82
0.76,20,11.23,90,88.48
0.78,20,11.33,90,87.39
0.80,20,11.49,90,87.59
0.82,20,11.77,90,87.85
0.84,20,11.96,90,87.31
0.86,20,11.83,90,86.44
0.88,20,11.96,90,85.99
0.90,20,12.36,90,85.64
0.92,20,12.45,90,84.96
0.95,20,12.40,90,84.28
0.97,20,12.63,90,83.84
0.99,20,12.94,90,83.36
1.01,20,13.07,90,82.83
1.03,20,13.17,90,82.44
1.05,20,13.38,90,82.22
1.07,20,13.70,90,81.32
1.09,20,13.84,90,80.32
1.11,20,14.05,90,80.04
1.13,20,14.40,90,80.14
1.15,20,14.62,90,79.82
1.17,20,14.69,90,79.52
1.19,20,14.81,90,79.70
1.21,20,15.10,90,79.70
1.23,20,15.33,90,79.07
1.25,20,15.50,90,78.55
1.27,20,16.01,90,78.30
1.29,20,16.38,90,78.14
1.31,20,16.45,90,77.90
1.34,20,16.49,90,77.74
1.36,20,16.67,90,77.82
1.38,20,16.74,90,77.87
1.40,20,16.70,90,77.74
1.42,20,16.72,90,77.71
1.44,20,16.86,90,77.84
1.46,20,17.00,90,77.76
1.48,20,16.96,90,77.37
1.50,20,17.21,90,77.32
1.52,20,17.50,90,77.34
1.54,20,17.63,90,77.18
1.56,20,17.94,90,77.21
1.58,20,18.08,90,77.17
1.60,20,18.08,90,76.98
1.62,20,18.21,90,76.93
1.64,20,18.35,90,76.93
1.66,20,18.45,90,76.82
1.68,20,18.59,90,76.89
1.70,20,18.74,90,76.90
1.73,20,19.02,90,77.03
1.75,20,19.14,90,77.15
1.77,20,19.13,90,77.07
1.79,20,19.20,90,76.99
1.81,20,19.27,90,76.95
1.83,20,19.41,90,77.10
1.85,20,19.60,90,77.16
1.87,20,19.52,90,76.99
1.89,20,19.83,90,77.49
1.91,20,20.02,90,77.66
1.93,20,19.86,90,77.35
1.95,20,19.79,90,77.23
1.97,20,19.93,90,77.40
1.99,20,20.09,90,77.64
2.01,20,20.08,90,77.65
2.03,20,20.08,90,77.60
2.05,20,20.23,90,77.66
2.07,20,20.18,90,77.61
2.09,20,20.10,90,77.53
2.12,20,20.18,90,77.48
2.14,20,20.39,90,77.57
2.16,20,20.42,90,77.47
2.18,20,20.36,90,77.13
2.20,20,20.53,90,77.26
2.22,20,20.65,90,77.51
2.24,20,20.61,90,77.40
2.26,20,20.56,90,77.17
2.28,20,20.78,90,77.35
2.30,20,20.97,90,77.50
2.32,20,21.02,90,77.44
2.34,20,20.98,90,77.30
2.36,20,21.01,90,77.37
2.38,20,20.92,90,77.36
2.40,20,20.87,90,77.37
2.42,20,20.95,90,77.54
2.44,20,20.84,90,77.49
2.46,20,20.82,90,77.52
2.49,20,20.95,90,77.71
2.51,20,20.97,90,77.78
2.53,20,20.98,90,77.65
2.55,20,21.08,90,77.70
2.57,20,21.20,90,77.90
2.59,20,21.23,90,77.96
2.61,20,21.18,90,77.83
2.63,20,21.24,90,77.77
2.65,20,21.45,90,77.91
2.67,20,21.43,90,77.85
2.69,20,21.42,90,77.79
2.71,20,21.67,90,78.06
2.73,20,21.85,90,78.28
2.75,20,21.67,90,78.11
2.77,20,21.59,90,78.07
2.79,20,21.65,90,78.28
2.81,20,21.65,90,78.40
2.83,20,21.55,90,78.31
2.85,20,21.52,90,78.36
2.88,20,21.58,90,78.50
2.90,20,21.56,90,78.51
2.92,20,21.50,90,78.50
2.94,20,21.48,90,78.54
2.96,20,21.51,90,78.60
2.98,20,21.53,90,78.63
3.00,20,21.52,90,78.61
3.02,20,21.53,90,78.64
3.04,20,21.46,90,78.60
3.06,20,21.39,90,78.60
3.08,20,21.41,90,78.75
3.10,20,21.46,90,78.90
3.12,20,21.47,90,78.92
3.14,20,21.44,90,78.84
3.16,20,21.53,90,78.86
3.18,20,21.58,90,78.79
3.20,20,21.57,90,78.65
3.22,20,21.56,90,78.56
3.24,20,21.68,90,78.57
3.27,20,21.72,90,78.54
3.29,20,21.73,90,78.54
3.31,20,21.85,90,78.54
3.33,20,21.94,90,78.47
3.35,20,22.03,90,78.46
3.37,20,22.05,90,78.44
3.39,20,22.08,90,78.42
3.41,20,22.07,90,78.41
3.43,20,21.98,90,78.42
3.45,20,21.95,90,78.53
3.47,20,21.92,90,78.69
3.49,20,21.85,90,78.75
3.51,20,21.85,90,78.87
3.53,20,21.87,90,78.95
3.55,20,21.89,90,78.92
3.57,20,21.91,90,78.89
3.59,20,21.92,90,78.85
3.61,20,21.96,90,78.84
3.63,20,21.98,90,78.84
3.66,20,22.01,90,78.85
3.68,20,22.06,90,78.84
3.70,20,22.09,90,78.82
3.72,20,22.11,90,78.80
3.74,20,22.11,90,78.79
3.76,20,22.13,90,78.80
3.78,20,22.13,90,78.79
3.80,20,22.13,90,78.76
3.82,20,22.16,90,78.73
3.84,20,22.18,90,78.70
3.86,20,22.17,90,78.67
3.88,20,22.16,90,78.63
3.90,20,22.15,90,78.61
3.92,20,22.14,90,78.61
3.94,20,22.08,90,78.61
3.96,20,22.03,90,78.60
3.98,20,22.00,90,78.74
4.00,20,21.99,90,78.96
4.02,20,21.98,90,78.93
4.05,20,21.97,90,78.84
4.07,20,21.93,90,78.91
4.09,20,21.92,90,79.10
4.11,20,21.93,90,79.13
4.13,20,21.91,90,79.15
4.15,20,21.91,90,79.27
4.17,20,21.91,90,79.30
4.19,20,21.90,90,79.32
4.21,20,21.89,90,79.44
4.23,20,21.87,90,79.58
4.25,20,21.87,90,79.39
4.27,20,21.86,90,79.46
4.29,20,21.86,90,79.60
4.31,20,21.89,90,79.46
4.33,20,21.83,90,79.48
4.35,20,21.80,90,79.67
4.38,20,21.83,90,79.79
4.40,20,21.85,90,79.72
4.42,20,21.81,90,79.65
4.44,20,21.78,90,79.74
4.46,20,21.82,90,79.69
4.48,20,21.82,90,79.71
4.50,20,21.81,90,79.76
4.52,20,21.84,90,79.63
4.54,20,21.90,90,79.54
4.56,20,21.94,90,79.73
4.58,20,21.94,90,80.00
4.60,20,21.94,90,79.98
4.62,20,21.91,90,80.02
4.64,20,21.90,90,80.06
4.66,20,21.91,90,79.98
4.68,20,21.91,90,79.95
4.70,20,21.92,90,80.01
4.72,20,21.99,90,80.04
4.74,20,22.04,90,80.01
4.77,20,22.06,90,80.01
4.79,20,22.08,90,79.97
4.81,20,22.09,90,79.90
4.83,20,22.06,90,80.08
4.85,20,22.02,90,80.39
4.87,20,21.98,90,80.50
4.89,20,21.90,90,80.37
4.91,20,21.81,90,80.37
4.93,20,21.79,90,80.53
4.95,20,21.80,90,80.55
4.97,20,21.78,90,80.56
4.99,20,21.76,90,80.58
5.01,20,21.78,90,80.58
5.03,20,21.83,90,80.64
5.05,20,21.82,90,80.74
5.07,20,21.81,90,80.76
5.09,20,21.84,90,80.72
5.11,20,21.83,90,80.89
5.13,20,21.82,90,80.97
5.16,20,21.84,90,80.92
5.18,20,21.87,90,80.97
5.20,20,21.88,90,81.18
5.22,20,21.92,90,81.24
5.24,20,21.92,90,81.14
5.26,20,21.89,90,81.24
5.28,20,21.86,90,81.26
5.30,20,21.86,90,81.18
5.32,20,21.85,90,81.10
5.34,20,21.83,90,80.99
5.36,20,21.86,90,80.90
5.38,20,21.88,90,80.91
5.40,20,21.88,90,81.13
5.42,20,21.92,90,81.11
5.44,20,21.91,90,81.17
5.46,20,21.92,90,81.31
5.48,20,21.95,90,81.30
5.50,20,21.93,90,81.13
5.52,20,21.93,90,81.06
5.55,20,21.94,90,81.08
5.57,20,21.99,90,81.03
5.59,20,22.03,90,81.01
5.61,20,22.09,90,81.12
5.63,20,22.12,90,81.06
5.65,20,22.12,90,81.00
5.67,20,22.13,90,81.28
5.69,20,22.16,90,81.49
5.71,20,22.18,90,81.46
5.73,20,22.19,90,81.39
5.75,20,22.10,90,81.61
5.77,20,22.05,90,81.74
5.79,20,21.98,90,81.78
5.81,20,21.94,90,81.85
5.83,20,21.95,90,81.94
5.85,20,21.94,90,81.89
5.87,20,21.93,90,81.79
5.90,20,21.96,90,81.84
5.92,20,22.02,90,81.83
5.94,20,22.06,90,81.75
5.96,20,22.07,90,81.85
5.98,20,22.12,90,82.15
6.00,20,22.13,90,82.24
6.02,20,22.08,90,82.23
6.04,20,22.01,90,82.31
6.06,20,21.97,90,82.38
6.08,20,21.89,90,82.30
6.10,20,21.80,90,82.42
6.12,20,21.77,90,82.77
6.14,20,21.77,90,82.96
6.16,20,21.67,90,83.08
6.18,20,21.52,90,83.44
6.20,20,21.47,90,83.85
6.22,20,21.47,90,83.90
6.24,20,21.43,90,83.82
6.26,20,21.49,90,84.04
6.28,20,21.54,90,84.26
6.31,20,21.53,90,84.07
6.33,20,21.52,90,83.97
6.35,20,21.52,90,83.99
6.37,20,21.55,90,83.96
6.39,20,21.65,90,83.85
6.41,20,21.77,90,83.77
6.43,20,21.89,90,83.61
6.45,20,21.97,90,83.42
6.47,20,21.98,90,83.41
6.49,20,21.99,90,83.31
6.51,20,21.97,90,83.18
6.53,20,21.95,90,83.36
6.55,20,21.97,90,83.76
6.57,20,21.91,90,83.85
6.59,20,21.82,90,83.83
6.61,20,21.77,90,84.02
6.63,20,21.74,90,84.14
6.65,20,21.70,90,84.12
6.67,20,21.64,90,84.07
6.70,20,21.71,90,84.25
6.72,20,21.73,90,84.32
6.74,20,21.66,90,84.29
6.76,20,21.60,90,84.28
6.78,20,21.60,90,84.30
6.80,20,21.62,90,84.39
6.82,20,21.61,90,84.58
6.84,20,21.59,90,84.85
6.86,20,21.57,90,84.77
6.88,20,21.52,90,84.79
6.90,20,21.46,90,85.01
6.92,20,21.42,90,85.11
6.94,20,21.39,90,85.06
6.96,20,21.38,90,85.21
6.98,20,21.36,90,85.47
7.00,20,21.37,90,85.48
7.02,20,21.32,90,85.45
7.04,20,21.30,90,85.57
7.07,20,21.37,90,85.49
7.09,20,21.40,90,85.24
7.11,20,21.40,90,85.26
7.13,20,21.40,90,85.55
7.15,20,21.43,90,85.56
7.17,20,21.44,90,85.38
7.19,20,21.39,90,85.61
7.21,20,21.45,90,85.60
7.23,20,21.53,90,85.41
7.25,20,21.48,90,85.56
7.27,20,21.48,90,85.56
7.29,20,21.50,90,85.45
7.31,20,21.51,90,85.46
7.33,20,21.48,90,85.64
7.35,20,21.55,90,85.62
7.37,20,21.58,90,85.57
7.39,20,21.53,90,85.70
7.41,20,21.45,90,85.88
7.43,20,21.43,90,85.93
7.46,20,21.41,90,85.92
7.48,20,21.34,90,86.10
7.50,20,21.28,90,86.22
7.52,20,21.30,90,86.26
7.54,20,21.33,90,86.29
7.56,20,21.28,90,86.29
7.58,20,21.20,90,86.28
7.60,20,21.16,90,86.26
7.62,20,21.12,90,86.21
7.64,20,21.10,90,86.22
7.66,20,21.12,90,86.45
7.68,20,21.13,90,86.58
7.70,20,21.10,90,86.52
7.72,20,21.07,90,86.66
7.74,20,21.11,90,86.82
7.76,20,21.15,90,86.90
7.78,20,21.13,90,86.86
7.80,20,21.13,90,86.90
7.83,20,21.17,90,87.03
7.85,20,21.22,90,86.96
7.87,20,21.18,90,86.85
7.89,20,21.18,90,86.98
7.91,20,21.22,90,87.08
7.93,20,21.22,90,86.97
7.95,20,21.15,90,86.98
7.97,20,21.11,90,87.36
7.99,20,21.13,90,87.75
8.01,20,21.02,90,87.68
8.03,20,20.87,90,87.72
8.05,20,20.83,90,87.89
8.07,20,20.88,90,87.81
8.09,20,20.88,90,87.74
8.11,20,20.83,90,87.76
8.13,20,20.91,90,87.67
8.15,20,20.95,90,87.75
8.17,20,20.94,90,88.04
8.19,20,20.95,90,88.07
8.22,20,20.99,90,87.96
8.24,20,21.00,90,88.15
8.26,20,21.02,90,88.24
8.28,20,21.02,90,88.13
8.30,20,20.98,90,88.16
8.32,20,21.00,90,88.20
8.34,20,21.05,90,88.14
8.36,20,21.08,90,88.12
8.38,20,21.11,90,88.11
8.40,20,21.14,90,88.04
8.42,20,21.17,90,87.98
8.44,20,21.13,90,87.96
8.46,20,21.08,90,88.01
8.48,20,21.01,90,88.00
8.50,20,20.97,90,88.14
8.52,20,21.00,90,88.44
8.54,20,21.01,90,88.59
8.57,20,20.99,90,88.53
8.59,20,20.96,90,88.52
8.61,20,20.99,90,88.58
8.63,20,21.03,90,88.63
8.65,20,20.99,90,88.75
8.67,20,20.97,90,88.76
8.69,20,20.97,90,88.71
8.71,20,20.98,90,88.85
8.73,20,21.02,90,88.95
8.75,20,21.02,90,88.85
8.77,20,20.96,90,88.86
8.80,20,20.96,90,88.93
8.82,20,20.96,90,88.93
8.84,20,20.95,90,88.93
8.86,20,21.01,90,88.92
8.88,20,21.08,90,88.84
8.90,20,21.06,90,88.82
8.92,20,21.04,90,88.82
8.94,20,21.04,90,88.80
8.96,20,20.99,90,88.83
8.98,20,20.98,90,89.18
9.00,20,21.04,90,89.54
9.02,20,21.06,90,89.70
9.04,20,21.01,90,89.69
9.06,20,20.93,90,89.81
9.08,20,20.94,90,89.94
9.10,20,20.96,90,89.92
9.12,20,20.85,90,89.97
9.15,20,20.84,90,90.02
9.17,20,20.87,90,90.05
9.19,20,20.86,90,90.05
9.21,20,20.76,90,90.13
9.23,20,20.73,90,90.22
9.25,20,20.72,90,90.20
9.27,20,20.72,90,90.21
9.29,20,20.75,90,90.37
9.31,20,20.78,90,90.38
9.33,20,20.77,90,90.36
9.35,20,20.74,90,90.41
9.37,20,20.75,90,90.48
9.39,20,20.80,90,90.41
9.41,20,20.79,90,90.36
9.43,20,20.80,90,90.38
9.45,20,20.84,90,90.40
9.47,20,20.85,90,90.38
9.50,20,20.84,90,90.40
9.52,20,20.85,90,90.38
9.54,20,20.88,90,90.31
9.56,20,20.88,90,90.28
9.58,20,20.89,90,90.31
9.60,20,20.91,90,90.33
9.62,20,20.89,90,90.38
9.64,20,20.85,90,90.49
9.66,20,20.84,90,90.56
9.68,20,20.84,90,90.58
9.70,20,20.82,90,90.59
9.72,20,20.77,90,90.63
9.74,20,20.70,90,90.77
9.76,20,20.65,90,90.92
9.78,20,20.57,90,90.94
9.80,20,20.52,90,91.03
9.83,20,20.49,90,91.16
9.85,20,20.54,90,91.24
9.87,20,20.55,90,91.24
9.89,20,20.52,90,91.24
9.91,20,20.51,90,91.21
9.93,20,20.53,90,91.12
9.95,20,20.52,90,91.05
9.97,20,20.51,90,91.00
9.99,20,20.54,90,90.92
10.01,20,20.57,90,90.93
10.03,20,20.58,90,90.94
10.05,20,20.60,90,90.88
10.07,20,20.62,90,90.84
10.09,20,20.63,90,90.87
10.11,20,20.64,90,90.94
10.13,20,20.67,90,91.03
10.16,20,20.67,90,91.09
10.18,20,20.63,90,91.09
10.20,20,20.61,90,91.10
10.22,20,20.61,90,91.16
10.24,20,20.60,90,91.18
10.26,20,20.58,90,91.18
10.28,20,20.57,90,91.20
10.30,20,20.56,90,91.19
10.32,20,20.54,90,91.20
10.34,20,20.52,90,91.23
10.36,20,20.53,90,91.25
10.38,20,20.53,90,91.24
10.40,20,20.49,90,91.30
10.42,20,20.47,90,91.36
10.44,20,20.46,90,91.40
10.46,20,20.45,90,91.43
10.48,20,20.42,90,91.44
10.51,20,20.43,90,91.45
10.53,20,20.46,90,91.43
10.55,20,20.47,90,91.38
10.57,20,20.48,90,91.29
10.59,20,20.51,90,91.24
10.61,20,20.52,90,91.20
10.63,20,20.52,90,91.14
10.65,20,20.51,90,91.15
10.67,20,20.50,90,91.18
10.69,20,20.49,90,91.25
10.71,20,20.48,90,91.28
10.73,20,20.48,90,91.29
10.75,20,20.48,90,91.35
10.77,20,20.51,90,91.37
10.79,20,20.52,90,91.34
10.81,20,20.53,90,91.27
10.83,20,20.55,90,91.20
10.85,20,20.58,90,91.18
10.88,20,20.59,90,91.14
10.90,20,20.60,90,91.05
10.92,20,20.61,90,90.98
10.94,20,20.62,90,90.94
10.96,20,20.62,90,90.92
10.98,20,20.63,90,90.88
11.00,20,20.64,90,90.88
11.02,20,20.64,90,90.89
11.04,20,20.65,90,90.91
11.06,20,20.64,90,90.97
11.08,20,20.61,90,91.05
11.10,20,20.63,90,91.10
11.12,20,20.55,90,91.05
11.14,20,20.52,90,90.99
11.16,20,20.60,90,90.93
11.18,20,20.69,90,90.78
11.20,20,20.73,90,90.55
11.22,20,20.78,90,90.45
11.24,20,20.85,90,90.43
11.27,20,20.80,90,90.40
11.29,20,20.72,90,90.44
11.31,20,20.72,90,90.59
11.33,20,20.75,90,90.77
11.35,20,20.66,90,90.88
11.37,20,20.61,90,90.95
11.39,20,20.57,90,90.99
11.41,20,20.54,90,90.99
11.43,20,20.42,90,91.04
11.45,20,20.35,90,91.10
11.47,20,20.32,90,91.20
11.49,20,20.28,90,91.30
11.51,20,20.22,90,91.36
11.53,20,20.23,90,91.43
11.55,20,20.24,90,91.51
11.57,20,20.25,90,91.46
11.59,20,20.28,90,91.44
11.61,20,20.27,90,91.44
11.64,20,20.26,90,91.41
11.66,20,20.25,90,91.33
11.68,20,20.26,90,91.24
11.70,20,20.27,90,91.18
11.72,20,20.29,90,91.10
11.74,20,20.32,90,91.02
11.76,20,20.29,90,90.95
11.78,20,20.29,90,90.91
11.80,20,20.30,90,90.94
11.82,20,20.31,90,91.11
11.84,20,20.29,90,91.23
11.86,20,20.24,90,91.24
11.88,20,20.21,90,91.35
11.90,20,20.20,90,91.38
11.92,20,20.15,90,91.33
11.94,20,20.12,90,91.31
11.96,20,20.12,90,91.31
11.98,20,20.11,90,91.26
12.01,20,20.10,90,91.25
12.03,20,20.11,90,91.27
12.05,20,20.10,90,91.28
12.07,20,20.06,90,91.36
12.09,20,20.05,90,91.43
12.11,20,20.04,90,91.48
12.13,20,20.02,90,91.51
12.15,20,19.99,90,91.56
12.17,20,19.98,90,91.60
12.19,20,19.98,90,91.61
12.21,20,19.95,90,91.61
12.23,20,19.94,90,91.62
12.25,20,19.95,90,91.65
12.27,20,19.96,90,91.66
12.29,20,19.95,90,91.62
12.31,20,19.95,90,91.59
12.33,20,19.98,90,91.54
12.35,20,20.03,90,91.41
12.37,20,20.07,90,91.30
12.40,20,20.11,90,91.22
12.42,20,20.13,90,91.18
12.44,20,20.15,90,91.14
12.46,20,20.15,90,91.08
12.48,20,20.15,90,91.05
12.50,20,20.14,90,91.05
12.52,20,20.12,90,91.09
12.54,20,20.11,90,91.14
12.56,20,20.11,90,91.18
12.58,20,20.12,90,91.19
12.60,20,20.13,90,91.20
12.62,20,20.14,90,91.19
12.64,20,20.15,90,91.21
12.66,20,20.16,90,91.24
12.68,20,20.15,90,91.24
12.70,20,20.15,90,91.24
12.72,20,20.14,90,91.23
12.74,20,20.13,90,91.23
12.76,20,20.12,90,91.25
12.79,20,20.10,90,91.28
12.81,20,20.09,90,91.28
12.83,20,20.09,90,91.26
12.85,20,20.09,90,91.20
12.87,20,20.12,90,91.11
12.89,20,20.14,90,90.98
12.91,20,20.15,90,90.93
12.93,20,20.16,90,90.90
12.95,20,20.18,90,90.85
12.97,20,20.19,90,90.83
12.99,20,20.19,90,90.82
13.01,20,20.16,90,90.89
13.03,20,20.14,90,90.95
13.05,20,20.12,90,91.00
13.07,20,20.11,90,91.02
13.09,20,20.09,90,91.09
13.11,20,20.07,90,91.19
13.13,20,20.03,90,91.29
13.15,20,19.98,90,91.40
13.18,20,19.95,90,91.52
13.20,20,19.94,90,91.61
13.22,20,19.92,90,91.66
13.24,20,19.96,90,91.60
13.26,20,19.99,90,91.49
13.28,20,20.01,90,91.39
13.30,20,20.05,90,91.30
13.32,20,20.08,90,91.24
13.34,20,20.08,90,91.21
13.36,20,20.08,90,91.19
13.38,20,20.08,90,91.18
13.40,20,20.08,90,91.19
13.42,20,20.06,90,91.19
13.44,20,20.07,90,91.21
13.46,20,20.07,90,91.23
13.48,20,20.02,90,91.32
13.50,20,19.95,90,91.47
13.52,20,19.88,90,91.63
13.55,20,19.83,90,91.76
13.57,20,19.78,90,91.86
13.59,20,19.75,90,91.94
13.61,20,19.73,90,91.98
13.63,20,19.75,90,91.96
13.65,20,19.79,90,91.83
13.67,20,19.83,90,91.71
13.69,20,19.88,90,91.60
13.71,20,19.91,90,91.53
13.73,20,19.92,90,91.45
13.75,20,19.92,90,91.42
13.77,20,19.92,90,91.44
13.79,20,19.91,90,91.44
13.81,20,19.92,90,91.46
13.83,20,19.92,90,91.49
13.85,20,19.92,90,91.52
13.87,20,19.93,90,91.49
13.89,20,19.95,90,91.44
13.91,20,19.97,90,91.39
13.94,20,19.99,90,91.36
13.96,20,20.01,90,91.34
13.98,20,20.01,90,91.34
14.00,20,20.01,90,91.35
14.02,20,20.00,90,91.34
14.04,20,20.02,90,91.34
14.06,20,20.02,90,91.35
14.08,20,20.01,90,91.35
14.10,20,20.01,90,91.35
14.12,20,20.00,90,91.41
14.14,20,19.97,90,91.52
14.16,20,19.93,90,91.61
14.18,20,19.89,90,91.70
14.20,20,19.86,90,91.76
14.22,20,19.85,90,91.80
14.24,20,19.85,90,91.83
14.26,20,19.84,90,91.78
14.28,20,19.88,90,91.64
14.30,20,19.91,90,91.52
14.33,20,19.94,90,91.41
14.35,20,19.97,90,91.31
14.37,20,20.00,90,91.26
14.39,20,20.02,90,91.25
14.41,20,20.02,90,91.24
14.43,20,20.02,90,91.25
14.45,20,20.01,90,91.26
14.47,20,19.98,90,91.28
14.49,20,19.97,90,91.32
14.51,20,19.97,90,91.34
14.53,20,19.95,90,91.39
14.55,20,19.94,90,91.42
14.57,20,19.94,90,91.47
14.59,20,19.92,90,91.51
14.61,20,19.91,90,91.48
14.63,20,19.89,90,91.50
14.65,20,19.87,90,91.56
14.67,20,19.84,90,91.64
14.70,20,19.82,90,91.70
14.72,20,19.81,90,91.73
14.74,20,19.80,90,91.75
14.76,20,19.82,90,91.70
14.78,20,19.85,90,91.63
14.80,20,19.90,90,91.54
14.82,20,19.95,90,91.44
14.84,20,19.98,90,91.36
14.86,20,20.00,90,91.30
14.88,20,20.02,90,91.29
14.90,20,20.02,90,91.27
14.92,20,20.02,90,91.30
14.94,20,20.04,90,91.32
14.96,20,20.04,90,91.31
14.98,20,20.03,90,91.33
15.00,20,20.03,90,91.36
15.02,20,20.02,90,91.37
15.04,20,20.03,90,91.34
15.06,20,20.03,90,91.32
15.09,20,20.04,90,91.30
15.11,20,20.05,90,91.26
15.13,20,20.04,90,91.24
15.15,20,20.05,90,91.21
15.17,20,20.05,90,91.21
15.19,20,20.04,90,91.21
15.21,20,20.03,90,91.21
15.23,20,20.03,90,91.20
15.25,20,20.03,90,91.21
15.27,20,20.02,90,91.25
15.29,20,20.01,90,91.28
15.31,20,19.99,90,91.32
15.33,20,19.98,90,91.34
15.35,20,19.98,90,91.35
15.37,20,19.97,90,91.35
15.39,20,19.97,90,91.34
15.41,20,19.97,90,91.34
15.43,20,19.97,90,91.37
15.45,20,19.97,90,91.38
15.48,20,19.97,90,91.43
15.50,20,19.96,90,91.45
15.52,20,19.95,90,91.44
15.54,20,19.93,90,91.46
15.56,20,19.92,90,91.47
15.58,20,19.92,90,91.45
15.60,20,19.92,90,91.43
15.62,20,19.93,90,91.41
15.64,20,19.94,90,91.39
15.66,20,19.94,90,91.37
15.68,20,19.93,90,91.40
15.70,20,19.91,90,91.45
15.72,20,19.90,90,91.50
15.74,20,19.89,90,91.54
15.76,20,19.88,90,91.56
15.78,20,19.87,90,91.59
15.80,20,19.84,90,91.68
15.82,20,19.79,90,91.80
15.85,20,19.73,90,91.92
15.87,20,19.68,90,92.01
15.89,20,19.64,90,92.08
15.91,20,19.63,90,92.11
15.93,20,19.68,90,92.02
15.95,20,19.77,90,91.85
15.97,20,19.87,90,91.66
15.99,20,19.97,90,91.46
16.01,20,20.06,90,91.30
16.03,20,20.11,90,91.19
16.05,20,20.15,90,91.12
16.07,20,20.12,90,91.20
16.09,20,20.02,90,91.41
16.11,20,19.93,90,91.58
16.13,20,19.84,90,91.72
16.15,20,19.79,90,91.84
16.17,20,19.74,90,91.94
16.19,20,19.71,90,92.01
16.21,20,19.76,90,91.89
16.24,20,19.87,90,91.62
16.26,20,19.98,90,91.35
16.28,20,20.06,90,91.16
16.30,20,20.11,90,91.01
16.32,20,20.15,90,90.92
16.34,20,20.16,90,90.96
16.36,20,20.14,90,91.03
16.38,20,20.09,90,91.18
16.40,20,20.04,90,91.28
16.42,20,20.00,90,91.37
16.44,20,19.98,90,91.43
16.46,20,19.96,90,91.44
16.48,20,19.97,90,91.43
16.50,20,19.98,90,91.40
16.52,20,19.98,90,91.37
16.54,20,19.99,90,91.36
16.56,20,19.99,90,91.36
16.58,20,19.97,90,91.42
16.60,20,19.93,90,91.51
16.63,20,19.88,90,91.63
16.65,20,19.84,90,91.76
16.67,20,19.82,90,91.85
16.69,20,19.80,90,91.89
16.71,20,19.82,90,91.79
16.73,20,19.86,90,91.69
16.75,20,19.89,90,91.62
16.77,20,19.92,90,91.53
16.79,20,19.94,90,91.42
16.81,20,19.96,90,91.35
16.83,20,19.98,90,91.32
16.85,20,19.99,90,91.31
16.87,20,19.99,90,91.31
16.89,20,19.99,90,91.32
16.91,20,19.99,90,91.35
16.93,20,20.00,90,91.37
16.95,20,20.01,90,91.36
16.97,20,19.99,90,91.36
16.99,20,19.97,90,91.37
17.02,20,19.97,90,91.43
17.04,20,19.97,90,91.48
17.06,20,19.95,90,91.51
17.08,20,19.94,90,91.53
17.10,20,19.94,90,91.54
17.12,20,19.95,90,91.48
17.14,20,19.98,90,91.39
17.16,20,20.00,90,91.33
17.18,20,20.02,90,91.30
17.20,20,20.04,90,91.30
17.22,20,20.06,90,91.30
17.24,20,20.03,90,91.39
17.26,20,19.99,90,91.46
17.28,20,19.95,90,91.55
17.30,20,19.92,90,91.63
17.32,20,19.89,90,91.69
17.34,20,19.89,90,91.67
17.36,20,19.90,90,91.60
17.39,20,19.92,90,91.55
17.41,20,19.93,90,91.51
17.43,20,19.95,90,91.50
17.45,20,19.97,90,91.48
17.47,20,19.99,90,91.46
17.49,20,19.99,90,91.44
17.51,20,20.00,90,91.43
17.53,20,20.01,90,91.42
17.55,20,20.01,90,91.42
17.57,20,20.02,90,91.42
17.59,20,20.02,90,91.42
17.61,20,20.02,90,91.42
17.63,20,20.00,90,91.48
17.65,20,19.96,90,91.59
17.67,20,19.93,90,91.73
17.69,20,19.90,90,91.82
17.71,20,19.87,90,91.88
17.73,20,19.86,90,91.89
17.75,20,19.88,90,91.85
17.78,20,19.90,90,91.79
17.80,20,19.91,90,91.71
17.82,20,19.94,90,91.65
17.84,20,19.95,90,91.61
17.86,20,19.96,90,91.58
17.88,20,19.94,90,91.60
17.90,20,19.90,90,91.68
17.92,20,19.86,90,91.77
17.94,20,19.83,90,91.83
17.96,20,19.80,90,91.87
17.98,20,19.79,90,91.88
18.00,20,19.83,90,91.82
18.02,20,19.89,90,91.76
18.04,20,19.93,90,91.66
18.06,20,19.94,90,91.55
18.08,20,19.97,90,91.45
18.10,20,19.99,90,91.39
18.12,20,20.01,90,91.35
18.15,20,20.02,90,91.29
18.17,20,20.03,90,91.24
18.19,20,20.05,90,91.22
18.21,20,20.06,90,91.20
18.23,20,20.07,90,91.18
18.25,20,20.07,90,91.15
18.27,20,20.05,90,91.19
18.29,20,20.00,90,91.29
18.31,20,19.95,90,91.39
18.33,20,19.92,90,91.49
18.35,20,19.89,90,91.58
18.37,20,19.88,90,91.67
18.39,20,19.87,90,91.72
18.41,20,19.85,90,91.75
18.43,20,19.82,90,91.79
18.45,20,19.82,90,91.83
18.47,20,19.82,90,91.82
18.49,20,19.82,90,91.81
18.51,20,19.81,90,91.81
18.54,20,19.84,90,91.77
18.56,20,19.87,90,91.73
18.58,20,19.89,90,91.67
18.60,20,19.91,90,91.63
18.62,20,19.93,90,91.61
18.64,20,19.94,90,91.57
18.66,20,19.96,90,91.48
18.68,20,19.98,90,91.42
18.70,20,20.01,90,91.37
18.72,20,20.04,90,91.34
18.74,20,20.06,90,91.28
18.76,20,20.07,90,91.24
18.78,20,20.09,90,91.20
18.80,20,20.12,90,91.13
18.82,20,20.14,90,91.07
18.84,20,20.17,90,91.02
18.86,20,20.19,90,91.01
18.88,20,20.20,90,91.00
18.90,20,20.19,90,91.00
18.93,20,20.14,90,91.07
18.95,20,20.08,90,91.19
18.97,20,20.01,90,91.37
18.99,20,19.97,90,91.49
19.01,20,19.94,90,91.56
19.03,20,19.92,90,91.61
19.05,20,19.92,90,91.62
19.07,20,19.92,90,91.60
19.09,20,19.94,90,91.56
19.11,20,19.96,90,91.53
19.13,20,19.96,90,91.53
19.15,20,19.97,90,91.52
19.17,20,19.96,90,91.51
19.19,20,19.96,90,91.50
19.21,20,19.97,90,91.47
19.23,20,19.97,90,91.46
19.25,20,19.96,90,91.46
19.27,20,19.97,90,91.47
19.29,20,19.97,90,91.47
19.32,20,19.97,90,91.48
19.34,20,19.97,90,91.50
19.36,20,19.97,90,91.52
19.38,20,19.96,90,91.54
19.40,20,19.95,90,91.57
19.42,20,19.95,90,91.58
19.44,20,19.92,90,91.61
19.46,20,19.88,90,91.67
19.48,20,19.85,90,91.74
19.50,20,19.83,90,91.79
19.52,20,19.82,90,91.82
19.54,20,19.82,90,91.84
19.56,20,19.81,90,91.87
19.58,20,19.81,90,91.88
19.60,20,19.80,90,91.90
19.62,20,19.82,90,91.87
19.64,20,19.84,90,91.85
19.66,20,19.86,90,91.83
19.69,20,19.89,90,91.76
19.71,20,19.92,90,91.68
19.73,20,19.95,90,91.61
19.75,20,19.96,90,91.55
19.77,20,19.96,90,91.50
19.79,20,19.96,90,91.47
19.81,20,19.92,90,91.56
19.83,20,19.86,90,91.69
19.85,20,19.81,90,91.83
19.87,20,19.76,90,91.93
19.89,20,19.72,90,92.04
19.91,20,19.70,90,92.10
19.93,20,19.70,90,92.09
19.95,20,19.72,90,92.02
19.97,20,19.75,90,91.96
19.99,20,19.78,90,91.89
0.00,20,19.80,135,91.83
0.02,20,19.84,135,91.79
0.04,20,19.86,135,91.75
0.06,20,19.91,135,91.65
0.08,20,19.97,135,91.53
0.10,20,20.03,135,91.41
0.12,20,20.07,135,91.31
0.14,20,20.09,135,91.23
0.16,20,20.11,135,91.19
0.19,20,20.10,135,91.22
0.21,20,20.09,135,91.26
0.23,20,20.05,135,91.31
0.25,20,20.01,135,91.36
0.27,20,20.01,135,91.39
0.29,20,19.98,135,91.33
0.31,20,19.95,135,91.19
0.33,20,19.89,135,91.25
0.35,20,19.85,135,91.33
0.37,20,19.81,135,91.70
0.39,20,19.82,135,92.03
0.41,20,19.83,135,92.12
0.43,20,19.78,135,92.25
0.45,20,19.70,135,92.44
0.47,20,19.69,135,92.47
0.49,20,19.74,135,92.37
0.51,20,19.68,135,92.70
0.53,20,19.63,135,93.15
0.56,20,19.66,135,93.40
0.58,20,19.69,135,93.49
0.60,20,19.70,135,93.66
0.62,20,19.71,135,93.65
0.64,20,19.70,135,93.67
0.66,20,19.70,135,93.79
0.68,20,19.76,135,93.93
0.70,20,19.87,135,94.20
0.72,20,19.83,135,94.45
0.74,20,19.60,135,94.62
0.76,20,19.58,135,94.83
0.78,20,19.62,135,95.00
0.80,20,19.54,135,95.32
0.82,20,19.51,135,95.41
0.84,20,19.55,135,95.35
0.86,20,19.57,135,95.37
0.88,20,19.55,135,95.46
0.90,20,19.55,135,95.53
0.92,20,19.56,135,95.72
0.95,20,19.55,135,96.03
0.97,20,19.47,135,96.35
0.99,20,19.37,135,96.62
1.01,20,19.32,135,96.96
1.03,20,19.29,135,97.32
1.05,20,19.13,135,97.57
1.07,20,19.04,135,97.82
1.09,20,19.05,135,98.14
1.11,20,19.00,135,98.40
1.13,20,18.93,135,98.55
1.15,20,18.94,135,98.84
1.17,20,19.07,135,99.18
1.19,20,19.08,135,99.31
1.21,20,18.96,135,99.58
1.23,20,18.91,135,99.90
1.25,20,18.95,135,100.25
1.27,20,18.93,135,100.59
1.29,20,18.74,135,100.76
1.31,20,18.73,135,100.91
1.34,20,18.83,135,101.14
1.36,20,18.87,135,101.28
1.38,20,18.79,135,101.30
1.40,20,18.74,135,101.35
1.42,20,18.84,135,101.47
1.44,20,18.86,135,101.69
1.46,20,18.75,135,101.45
1.48,20,18.83,135,101.43
1.50,20,18.90,135,102.10
1.52,20,18.92,135,102.52
1.54,20,18.92,135,102.91
1.56,20,18.87,135,103.22
1.58,20,18.82,135,103.46
1.60,20,18.73,135,103.67
1.62,20,18.76,135,103.91
1.64,20,18.78,135,104.29
1.66,20,18.78,135,104.51
1.68,20,18.82,135,104.59
1.70,20,18.82,135,104.69
1.73,20,18.81,135,104.79
1.75,20,18.72,135,105.05
1.77,20,18.70,135,105.21
1.79,20,18.77,135,105.59
1.81,20,18.80,135,106.13
1.83,20,18.69,135,106.20
1.85,20,18.59,135,106.34
1.87,20,18.58,135,106.78
1.89,20,18.62,135,107.13
1.91,20,18.55,135,107.22
1.93,20,18.48,135,107.55
1.95,20,18.47,135,107.90
1.97,20,18.51,135,107.92
1.99,20,18.50,135,108.01
2.01,20,18.48,135,108.14
2.03,20,18.46,135,108.06
2.05,20,18.50,135,107.85
2.07,20,18.59,135,108.19
2.10,20,18.70,135,108.57
2.12,20,18.70,135,108.57
2.14,20,18.68,135,108.16
2.16,20,18.68,135,108.15
2.18,20,18.78,135,108.09
2.20,20,18.83,135,107.89
2.22,20,18.82,135,107.92
2.24,20,18.80,135,108.24
2.26,20,18.78,135,108.52
2.28,20,18.76,135,108.58
2.30,20,18.69,135,108.97
2.32,20,18.51,135,109.27
2.34,20,18.51,135,109.25
2.36,20,18.69,135,109.45
2.38,20,18.63,135,109.82
2.40,20,18.59,135,110.05
2.42,20,18.71,135,110.32
2.44,20,18.73,135,110.63
2.47,20,18.54,135,110.71
2.49,20,18.51,135,110.85
2.51,20,18.59,135,111.03
2.53,20,18.60,135,111.16
2.55,20,18.63,135,111.20
2.57,20,18.72,135,111.32
2.59,20,18.74,135,111.59
2.61,20,18.60,135,111.78
2.63,20,18.61,135,111.78
2.65,20,18.79,135,111.91
2.67,20,18.81,135,112.21
2.69,20,18.61,135,112.25
2.71,20,18.63,135,112.35
2.74,20,18.76,135,112.60
2.76,20,18.78,135,112.84
2.78,20,18.65,135,112.66
2.80,20,18.63,135,112.81
2.82,20,18.69,135,113.20
2.84,20,18.59,135,113.33
2.86,20,18.51,135,113.29
2.88,20,18.67,135,113.42
2.90,20,18.79,135,113.91
2.92,20,18.67,135,114.09
2.94,20,18.60,135,114.24
2.96,20,18.64,135,114.56
2.98,20,18.71,135,114.58
3.00,20,18.65,135,114.48
3.02,20,18.64,135,114.77
3.04,20,18.62,135,114.77
3.06,20,18.56,135,114.71
3.08,20,18.55,135,114.91
3.11,20,18.58,135,114.87
3.13,20,18.68,135,114.92
3.15,20,18.77,135,115.07
3.17,20,18.79,135,115.23
3.19,20,18.79,135,115.35
3.21,20,18.84,135,115.45
3.23,20,18.86,135,115.57
3.25,20,18.81,135,115.49
3.27,20,18.77,135,115.51
3.29,20,18.75,135,115.80
3.31,20,18.69,135,116.05
3.33,20,18.62,135,116.15
3.35,20,18.59,135,116.26
3.37,20,18.58,135,116.48
3.39,20,18.67,135,116.65
3.41,20,18.71,135,116.69
3.43,20,18.69,135,116.73
3.45,20,18.66,135,116.73
3.47,20,18.71,135,116.67
3.50,20,18.81,135,116.47
3.52,20,18.82,135,116.47
3.54,20,18.71,135,116.85
3.56,20,18.67,135,117.21
3.58,20,18.68,135,117.50
3.60,20,18.65,135,117.90
3.62,20,18.57,135,118.22
3.64,20,18.61,135,118.29
3.66,20,18.72,135,118.42
3.68,20,18.72,135,118.51
3.70,20,18.73,135,118.21
3.72,20,18.79,135,117.95
3.74,20,18.86,135,117.79
3.76,20,18.85,135,117.50
3.78,20,18.80,135,117.39
3.80,20,18.84,135,117.54
3.82,20,18.86,135,117.60
3.84,20,18.83,135,117.65
3.86,20,18.84,135,117.81
3.89,20,18.87,135,117.95
3.91,20,18.82,135,117.95
3.93,20,18.80,135,117.91
3.95,20,18.82,135,118.31
3.97,20,18.72,135,118.56
3.99,20,18.64,135,118.77
4.01,20,18.64,135,119.00
4.03,20,18.67,135,119.19
4.05,20,18.67,135,119.38
4.07,20,18.64,135,119.60
4.09,20,18.63,135,119.52
4.11,20,18.59,135,119.48
4.13,20,18.63,135,119.58
4.15,20,18.78,135,119.64
4.17,20,18.89,135,119.52
4.19,20,18.82,135,119.44
4.21,20,18.77,135,119.54
4.23,20,18.86,135,119.36
4.25,20,18.88,135,119.23
4.28,20,18.82,135,119.29
4.30,20,18.87,135,119.16
4.32,20,18.93,135,119.16
4.34,20,18.94,135,119.46
4.36,20,18.88,135,119.99
4.38,20,18.88,135,120.25
4.40,20,18.91,135,120.42
4.42,20,18.86,135,120.90
4.44,20,18.84,135,120.99
4.46,20,18.91,135,120.70
4.48,20,18.94,135,120.54
4.50,20,18.89,135,120.42
4.52,20,18.89,135,120.22
4.54,20,18.94,135,120.20
4.56,20,18.98,135,120.18
4.58,20,18.96,135,120.04
4.60,20,18.88,135,120.12
4.62,20,18.83,135,120.36
4.65,20,18.77,135,120.44
4.67,20,18.75,135,120.38
4.69,20,18.72,135,120.68
4.71,20,18.66,135,121.22
4.73,20,18.69,135,121.20
4.75,20,18.85,135,121.02
4.77,20,18.82,135,121.37
4.79,20,18.76,135,121.58
4.81,20,18.79,135,121.55
4.83,20,18.82,135,121.63
4.85,20,18.78,135,121.87
4.87,20,18.79,135,122.09
4.89,20,18.82,135,122.45
4.91,20,18.77,135,122.78
4.93,20,18.76,135,122.82
4.95,20,18.75,135,122.77
4.97,20,18.73,135,122.90
4.99,20,18.80,135,122.96
5.01,20,18.87,135,123.05
5.04,20,18.84,135,123.30
5.06,20,18.78,135,123.38
5.08,20,18.80,135,123.40
5.10,20,18.86,135,123.49
5.12,20,18.86,135,123.75
5.14,20,18.82,135,124.18
5.16,20,18.90,135,124.27
5.18,20,18.96,135,124.42
5.20,20,18.91,135,124.76
5.22,20,18.82,135,124.90
5.24,20,18.81,135,124.89
5.26,20,18.84,135,124.87
5.28,20,18.84,135,124.82
5.30,20,18.81,135,124.64
5.32,20,18.78,135,124.44
5.34,20,18.81,135,124.39
5.36,20,18.80,135,124.54
5.38,20,18.75,135,124.78
5.40,20,18.74,135,124.78
5.43,20,18.77,135,124.91
5.45,20,18.77,135,125.32
5.47,20,18.77,135,125.38
5.49,20,18.86,135,125.74
5.51,20,18.86,135,126.06
5.53,20,18.72,135,126.34
5.55,20,18.86,135,126.33
5.57,20,19.02,135,126.28
5.59,20,18.92,135,126.63
5.61,20,18.80,135,126.96
5.63,20,18.90,135,126.78
5.65,20,19.00,135,126.70
5.67,20,18.94,135,126.79
5.69,20,18.90,135,126.65
5.71,20,19.06,135,126.50
5.73,20,19.06,135,126.74
5.75,20,18.93,135,127.05
5.77,20,18.91,135,127.15
5.80,20,18.87,135,127.42
5.82,20,18.88,135,127.49
5.84,20,18.94,135,127.45
5.86,20,19.03,135,127.48
5.88,20,19.02,135,127.90
5.90,20,18.96,135,128.40
5.92,20,18.95,135,128.55
5.94,20,18.97,135,128.78
5.96,20,18.95,135,129.08
5.98,20,18.89,135,129.19
6.00,20,18.87,135,129.02
6.02,20,18.89,135,129.17
6.04,20,18.87,135,129.36
6.06,20,18.87,135,129.32
6.08,20,18.94,135,129.26
6.10,20,18.99,135,129.28
6.12,20,19.09,135,129.05
6.14,20,19.18,135,128.82
6.17,20,19.17,135,128.99
6.19,20,19.12,135,129.13
6.21,20,19.11,135,128.87
6.23,20,19.18,135,128.50
6.25,20,19.21,135,128.93
6.27,20,19.16,135,129.47
6.29,20,19.09,135,129.50
6.31,20,19.11,135,129.81
6.33,20,19.06,135,130.46
6.35,20,18.93,135,130.66
6.37,20,18.99,135,130.53
6.39,20,19.17,135,130.49
6.41,20,19.16,135,130.43
6.43,20,19.08,135,130.80
6.45,20,19.14,135,131.11
6.47,20,19.29,135,130.99
6.49,20,19.30,135,130.82
6.51,20,19.30,135,131.17
6.53,20,19.36,135,131.47
6.56,20,19.35,135,131.50
6.58,20,19.30,135,131.62
6.60,20,19.30,135,131.76
6.62,20,19.33,135,131.81
6.64,20,19.31,135,131.81
6.66,20,19.31,135,131.87
6.68,20,19.43,135,131.92
6.70,20,19.44,135,132.00
6.72,20,19.42,135,132.11
6.74,20,19.43,135,132.17
6.76,20,19.43,135,132.01
6.78,20,19.37,135,132.13
6.80,20,19.39,135,132.54
6.82,20,19.40,135,132.71
6.84,20,19.37,135,132.80
6.86,20,19.42,135,132.94
6.88,20,19.50,135,133.21
6.90,20,19.58,135,133.13
6.92,20,19.65,135,132.87
6.95,20,19.72,135,132.89
6.97,20,19.86,135,132.68
6.99,20,19.92,135,132.55
7.01,20,19.87,135,132.56
7.03,20,19.87,135,132.60
7.05,20,19.83,135,132.59
7.07,20,19.75,135,132.60
7.09,20,19.72,135,132.44
7.11,20,19.70,135,132.50
7.13,20,19.74,135,132.40
7.15,20,19.79,135,132.21
7.17,20,19.84,135,132.31
7.19,20,19.93,135,132.45
7.21,20,19.93,135,132.75
7.23,20,19.91,135,133.05
7.25,20,19.93,135,133.15
7.27,20,19.99,135,133.18
7.29,20,19.99,135,133.18
7.31,20,19.96,135,133.40
7.34,20,20.00,135,133.56
7.36,20,19.97,135,133.77
7.38,20,19.96,135,133.92
7.40,20,19.97,135,133.91
7.42,20,19.97,135,134.10
7.44,20,20.03,135,134.25
7.46,20,20.07,135,134.29
7.48,20,20.07,135,134.34
7.50,20,20.08,135,134.44
7.52,20,20.10,135,134.49
7.54,20,20.13,135,134.43
7.56,20,20.11,135,134.58
7.58,20,20.09,135,134.79
7.60,20,20.07,135,134.89
7.62,20,20.04,135,134.92
7.64,20,20.03,135,134.99
7.66,20,20.03,135,134.99
7.68,20,20.04,135,134.84
7.71,20,20.06,135,134.70
7.73,20,20.07,135,134.66
7.75,20,20.10,135,134.52
7.77,20,20.12,135,134.43
7.79,20,20.13,135,134.42
7.81,20,20.15,135,134.39
7.83,20,20.14,135,134.29
7.85,20,20.15,135,134.24
7.87,20,20.17,135,134.22
7.89,20,20.16,135,134.22
7.91,20,20.17,135,134.20
7.93,20,20.17,135,134.20
7.95,20,20.15,135,134.29
7.97,20,20.12,135,134.39
7.99,20,20.12,135,134.49
8.01,20,20.11,135,134.56
8.03,20,20.11,135,134.62
8.05,20,20.11,135,134.70
8.07,20,20.10,135,134.84
8.10,20,20.09,135,134.93
8.12,20,20.09,135,134.97
8.14,20,20.09,135,135.02
8.16,20,20.09,135,135.05
8.18,20,20.09,135,135.09
8.20,20,20.08,135,135.11
8.22,20,20.09,135,135.11
8.24,20,20.09,135,135.09
8.26,20,20.09,135,135.04
8.28,20,20.09,135,135.01
8.30,20,20.09,135,134.98
8.32,20,20.09,135,134.93
8.34,20,20.08,135,134.90
8.36,20,20.09,135,134.89
8.38,20,20.09,135,134.85
8.40,20,20.10,135,134.79
8.42,20,20.10,135,134.78
8.44,20,20.11,135,134.78
8.46,20,20.10,135,134.81
8.49,20,20.09,135,134.84
8.51,20,20.09,135,134.87
8.53,20,20.10,135,134.88
8.55,20,20.10,135,134.88
8.57,20,20.09,135,134.88
8.59,20,20.09,135,134.86
8.61,20,20.08,135,134.86
8.63,20,20.08,135,134.87
8.65,20,20.09,135,134.88
8.67,20,20.09,135,134.88
8.69,20,20.09,135,134.85
8.71,20,20.09,135,134.79
8.73,20,20.09,135,134.72
8.75,20,20.11,135,134.62
8.77,20,20.12,135,134.56
8.79,20,20.12,135,134.52
8.81,20,20.13,135,134.51
8.83,20,20.14,135,134.52
8.85,20,20.13,135,134.62
8.88,20,20.12,135,134.74
8.90,20,20.10,135,134.86
8.92,20,20.09,135,134.92
8.94,20,20.09,135,134.94
8.96,20,20.09,135,134.94
8.98,20,20.08,135,134.96
9.00,20,20.09,135,134.98
9.02,20,20.09,135,134.98
9.04,20,20.09,135,134.96
9.06,20,20.10,135,134.98
9.08,20,20.11,135,134.99
9.10,20,20.12,135,135.00
9.12,20,20.12,135,135.05
9.14,20,20.12,135,135.12
9.16,20,20.11,135,135.16
9.18,20,20.13,135,135.16
9.20,20,20.16,135,135.12
9.22,20,20.18,135,134.99
9.24,20,20.19,135,134.77
9.27,20,20.22,135,134.55
9.29,20,20.25,135,134.37
9.31,20,20.26,135,134.25
9.33,20,20.27,135,134.24
9.35,20,20.27,135,134.31
9.37,20,20.26,135,134.44
9.39,20,20.23,135,134.57
9.41,20,20.22,135,134.68
9.43,20,20.21,135,134.72
9.45,20,20.20,135,134.77
9.47,20,20.18,135,134.87
9.49,20,20.18,135,134.96
9.51,20,20.18,135,135.05
9.53,20,20.18,135,135.14
9.55,20,20.19,135,135.19
9.57,20,20.20,135,135.21
9.59,20,20.21,135,135.22
9.61,20,20.19,135,135.21
9.63,20,20.18,135,135.19
9.66,20,20.18,135,135.15
9.68,20,20.18,135,135.10
9.70,20,20.19,135,135.05
9.72,20,20.20,135,135.00
9.74,20,20.21,135,134.97
9.76,20,20.20,135,134.85
9.78,20,20.21,135,134.67
9.80,20,20.24,135,134.44
9.82,20,20.25,135,134.24
9.84,20,20.26,135,134.12
9.86,20,20.26,135,134.05
9.88,20,20.24,135,134.27
9.90,20,20.22,135,134.52
9.92,20,20.21,135,134.73
9.94,20,20.20,135,134.88
9.96,20,20.19,135,135.02
9.98,20,20.18,135,135.11
10.00,20,20.16,135,135.19
10.03,20,20.14,135,135.26
10.05,20,20.14,135,135.35
10.07,20,20.13,135,135.40
10.09,20,20.13,135,135.42
10.11,20,20.14,135,135.37
10.13,20,20.16,135,135.24
10.15,20,20.17,135,135.09
10.17,20,20.17,135,134.95
10.19,20,20.19,135,134.76
10.21,20,20.20,135,134.68
10.23,20,20.21,135,134.61
10.25,20,20.22,135,134.56
10.27,20,20.23,135,134.50
10.29,20,20.23,135,134.45
10.31,20,20.22,135,134.42
10.33,20,20.23,135,134.41
10.35,20,20.23,135,134.40
10.37,20,20.23,135,134.41
10.39,20,20.23,135,134.45
10.42,20,20.22,135,134.51
10.44,20,20.21,135,134.59
10.46,20,20.21,135,134.65
10.48,20,20.20,135,134.71
10.50,20,20.18,135,134.76
10.52,20,20.17,135,134.87
10.54,20,20.16,135,134.97
10.56,20,20.16,135,135.09
10.58,20,20.16,135,135.18
10.60,20,20.16,135,135.23
10.62,20,20.17,135,135.26
10.64,20,20.19,135,135.28
10.66,20,20.21,135,134.99
10.68,20,20.23,135,134.68
10.70,20,20.25,135,134.38
10.72,20,20.26,135,134.17
10.74,20,20.28,135,134.05
10.76,20,20.30,135,133.97
10.78,20,20.30,135,133.95
10.81,20,20.30,135,133.97
10.83,20,20.29,135,134.01
10.85,20,20.29,135,134.07
10.87,20,20.29,135,134.15
10.89,20,20.28,135,134.19
10.91,20,20.26,135,134.31
10.93,20,20.24,135,134.47
10.95,20,20.23,135,134.59
10.97,20,20.22,135,134.75
10.99,20,20.21,135,134.86
11.01,20,20.21,135,134.95
11.03,20,20.20,135,135.04
11.05,20,20.19,135,135.15
11.07,20,20.17,135,135.25
11.09,20,20.17,135,135.29
11.11,20,20.18,135,135.30
11.13,20,20.18,135,135.32
11.15,20,20.18,135,135.29
11.17,20,20.18,135,135.23
11.20,20,20.19,135,135.16
11.22,20,20.20,135,135.06
11.24,20,20.21,135,134.98
11.26,20,20.22,135,134.93
11.28,20,20.22,135,134.89
11.30,20,20.21,135,134.95
11.32,20,20.21,135,135.03
11.34,20,20.20,135,135.12
11.36,20,20.19,135,135.17
11.38,20,20.19,135,135.20
11.40,20,20.20,135,135.20
11.42,20,20.21,135,135.04
11.44,20,20.22,135,134.81
11.46,20,20.23,135,134.59
11.48,20,20.23,135,134.43
11.50,20,20.25,135,134.33
11.52,20,20.26,135,134.28
11.54,20,20.27,135,134.21
11.57,20,20.27,135,134.32
11.59,20,20.25,135,134.51
11.61,20,20.24,135,134.71
11.63,20,20.22,135,134.89
11.65,20,20.21,135,135.06
11.67,20,20.22,135,135.19
11.69,20,20.23,135,135.08
11.71,20,20.25,135,134.86
11.73,20,20.26,135,134.68
11.75,20,20.28,135,134.52
11.77,20,20.29,135,134.40
11.79,20,20.29,135,134.30
11.81,20,20.29,135,134.36
11.83,20,20.28,135,134.52
11.85,20,20.26,135,134.63
11.87,20,20.26,135,134.71
11.89,20,20.26,135,134.76
11.91,20,20.27,135,134.81
11.93,20,20.27,135,134.87
11.96,20,20.26,135,134.89
11.98,20,20.26,135,134.88
12.00,20,20.25,135,134.88
12.02,20,20.24,135,134.88
12.04,20,20.24,135,134.87
12.06,20,20.25,135,134.87
12.08,20,20.26,135,134.87
12.10,20,20.27,135,134.85
12.12,20,20.27,135,134.85
12.14,20,20.26,135,134.81
12.16,20,20.25,135,134.80
12.18,20,20.24,135,134.79
12.20,20,20.24,135,134.77
12.23,20,20.23,135,134.74
12.25,20,20.23,135,134.71
12.27,20,20.23,135,134.70
12.29,20,20.23,135,134.75
12.31,20,20.23,135,134.78
12.33,20,20.23,135,134.88
12.35,20,20.23,135,134.97
12.37,20,20.22,135,135.07
12.39,20,20.22,135,135.15
12.41,20,20.23,135,135.20
12.43,20,20.23,135,135.22
12.45,20,20.23,135,135.24
12.47,20,20.24,135,135.17
12.49,20,20.24,135,135.08
12.51,20,20.24,135,134.99
12.53,20,20.24,135,134.90
12.55,20,20.25,135,134.84
12.57,20,20.24,135,134.81
12.59,20,20.23,135,134.89
12.62,20,20.22,135,135.00
12.64,20,20.20,135,135.11
12.66,20,20.19,135,135.18
12.68,20,20.19,135,135.24
12.70,20,20.19,135,135.24
12.72,20,20.21,135,135.16
12.74,20,20.22,135,135.07
12.76,20,20.24,135,134.98
12.78,20,20.25,135,134.89
12.80,20,20.26,135,134.78
12.82,20,20.27,135,134.69
12.84,20,20.27,135,134.67
12.86,20,20.27,135,134.75
12.88,20,20.27,135,134.85
12.90,20,20.26,135,134.91
12.92,20,20.25,135,134.95
12.94,20,20.26,135,135.02
12.96,20,20.26,135,135.12
12.99,20,20.25,135,135.25
13.01,20,20.23,135,135.38
13.03,20,20.22,135,135.48
13.05,20,20.20,135,135.54
13.07,20,20.20,135,135.57
13.09,20,20.19,135,135.59
13.11,20,20.20,135,135.40
13.13,20,20.20,135,135.15
13.15,20,20.20,135,134.95
13.17,20,20.22,135,134.85
13.19,20,20.23,135,134.75
13.21,20,20.24,135,134.67
13.23,20,20.25,135,134.74
13.25,20,20.25,135,134.80
13.27,20,20.26,135,134.87
13.29,20,20.27,135,134.93
13.31,20,20.27,135,134.99
13.33,20,20.26,135,135.05
13.35,20,20.25,135,135.06
13.38,20,20.24,135,135.01
13.40,20,20.25,135,134.97
13.42,20,20.26,135,134.93
13.44,20,20.27,135,134.85
13.46,20,20.28,135,134.82
13.48,20,20.28,135,134.75
13.50,20,20.27,135,134.67
13.52,20,20.27,135,134.60
13.54,20,20.27,135,134.54
13.56,20,20.29,135,134.46
13.58,20,20.29,135,134.41
13.60,20,20.28,135,134.39
13.62,20,20.27,135,134.40
13.64,20,20.28,135,134.42
13.66,20,20.30,135,134.52
13.68,20,20.30,135,134.60
13.70,20,20.31,135,134.61
13.72,20,20.31,135,134.66
13.74,20,20.30,135,134.76
13.77,20,20.29,135,134.85
13.79,20,20.29,135,134.92
13.81,20,20.28,135,135.02
13.83,20,20.28,135,135.09
13.85,20,20.27,135,135.10
13.87,20,20.27,135,135.12
13.89,20,20.24,135,135.28
13.91,20,20.22,135,135.40
13.93,20,20.21,135,135.50
13.95,20,20.21,135,135.58
13.97,20,20.21,135,135.66
13.99,20,20.21,135,135.68
14.01,20,20.21,135,135.61
14.03,20,20.22,135,135.43
14.05,20,20.23,135,135.22
14.07,20,20.24,135,135.04
14.09,20,20.25,135,134.92
14.11,20,20.26,135,134.85
14.14,20,20.25,135,134.83
14.16,20,20.25,135,134.85
14.18,20,20.25,135,134.91
14.20,20,20.25,135,134.94
14.22,20,20.24,135,134.96
14.24,20,20.24,135,134.98
14.26,20,20.23,135,135.01
14.28,20,20.24,135,135.02
14.30,20,20.24,135,135.04
14.32,20,20.25,135,135.07
14.34,20,20.25,135,135.10
14.36,20,20.26,135,135.09
14.38,20,20.26,135,135.10
14.40,20,20.25,135,135.07
14.42,20,20.25,135,134.99
14.44,20,20.26,135,134.94
14.46,20,20.26,135,134.93
14.48,20,20.26,135,134.92
14.50,20,20.25,135,134.90
14.53,20,20.25,135,134.93
14.55,20,20.26,135,134.94
14.57,20,20.26,135,134.92
14.59,20,20.27,135,134.94
14.61,20,20.26,135,134.98
14.63,20,20.26,135,135.00
14.65,20,20.26,135,134.97
14.67,20,20.27,135,134.92
14.69,20,20.27,135,134.88
14.71,20,20.28,135,134.86
14.73,20,20.28,135,134.83
14.75,20,20.28,135,134.85
14.77,20,20.28,135,134.89
14.79,20,20.26,135,134.96
14.81,20,20.24,135,135.07
14.83,20,20.23,135,135.17
14.85,20,20.23,135,135.22
14.87,20,20.23,135,135.24
14.89,20,20.24,135,135.27
14.92,20,20.24,135,135.35
14.94,20,20.24,135,135.42
14.96,20,20.25,135,135.48
14.98,20,20.25,135,135.50
15.00,20,20.25,135,135.49
15.02,20,20.24,135,135.51
15.04,20,20.21,135,135.59
15.06,20,20.20,135,135.69
15.08,20,20.19,135,135.78
15.10,20,20.17,135,135.84
15.12,20,20.16,135,135.87
15.14,20,20.15,135,135.87
15.16,20,20.17,135,135.84
15.18,20,20.18,135,135.78
15.20,20,20.20,135,135.70
15.22,20,20.21,135,135.65
15.24,20,20.22,135,135.59
15.26,20,20.23,135,135.52
15.29,20,20.23,135,135.43
15.31,20,20.24,135,135.35
15.33,20,20.24,135,135.31
15.35,20,20.25,135,135.25
15.37,20,20.26,135,135.13
15.39,20,20.26,135,135.09
15.41,20,20.25,135,135.10
15.43,20,20.24,135,135.07
15.45,20,20.25,135,135.08
15.47,20,20.25,135,135.17
15.49,20,20.25,135,135.19
15.51,20,20.25,135,135.19
15.53,20,20.26,135,135.21
15.55,20,20.24,135,135.37
15.57,20,20.22,135,135.52
15.59,20,20.21,135,135.66
15.61,20,20.21,135,135.81
15.63,20,20.22,135,135.89
15.65,20,20.23,135,135.93
15.68,20,20.23,135,135.92
15.70,20,20.23,135,135.76
15.72,20,20.24,135,135.54
15.74,20,20.24,135,135.37
15.76,20,20.25,135,135.20
15.78,20,20.26,135,135.08
15.80,20,20.27,135,134.99
15.82,20,20.27,135,134.92
15.84,20,20.27,135,134.87
15.86,20,20.28,135,134.84
15.88,20,20.28,135,134.83
15.90,20,20.27,135,134.83
15.92,20,20.27,135,134.80
15.94,20,20.27,135,134.77
15.96,20,20.27,135,134.75
15.98,20,20.27,135,134.78
16.00,20,20.28,135,134.82
16.02,20,20.29,135,134.87
16.05,20,20.29,135,134.96
16.07,20,20.29,135,135.13
16.09,20,20.29,135,135.31
16.11,20,20.28,135,135.49
16.13,20,20.27,135,135.64
16.15,20,20.27,135,135.76
16.17,20,20.26,135,135.82
16.19,20,20.25,135,135.82
16.21,20,20.24,135,135.80
16.23,20,20.24,135,135.76
16.25,20,20.25,135,135.72
16.27,20,20.26,135,135.65
16.29,20,20.27,135,135.61
16.31,20,20.26,135,135.58
16.33,20,20.25,135,135.60
16.35,20,20.25,135,135.60
16.37,20,20.25,135,135.59
16.39,20,20.25,135,135.58
16.41,20,20.26,135,135.56
16.44,20,20.26,135,135.58
16.46,20,20.26,135,135.54
16.48,20,20.26,135,135.45
16.50,20,20.26,135,135.34
16.52,20,20.28,135,135.24
16.54,20,20.29,135,135.17
16.56,20,20.30,135,135.13
16.58,20,20.31,135,135.08
16.60,20,20.31,135,135.14
16.62,20,20.30,135,135.21
16.64,20,20.29,135,135.25
16.66,20,20.28,135,135.31
16.68,20,20.29,135,135.37
16.70,20,20.29,135,135.38
16.72,20,20.28,135,135.42
16.74,20,20.28,135,135.46
16.76,20,20.28,135,135.54
16.78,20,20.28,135,135.62
16.80,20,20.28,135,135.65
16.83,20,20.29,135,135.67
16.85,20,20.29,135,135.59
16.87,20,20.30,135,135.46
16.89,20,20.31,135,135.32
16.91,20,20.30,135,135.14
16.93,20,20.30,135,135.03
16.95,20,20.30,135,134.98
16.97,20,20.29,135,135.03
16.99,20,20.28,135,135.20
17.01,20,20.28,135,135.36
17.03,20,20.27,135,135.52
17.05,20,20.26,135,135.60
17.07,20,20.25,135,135.68
17.09,20,20.25,135,135.74
17.11,20,20.25,135,135.72
17.13,20,20.26,135,135.61
17.15,20,20.27,135,135.52
17.17,20,20.27,135,135.43
17.19,20,20.28,135,135.34
17.22,20,20.29,135,135.26
17.24,20,20.29,135,135.22
17.26,20,20.29,135,135.21
17.28,20,20.30,135,135.18
17.30,20,20.30,135,135.16
17.32,20,20.30,135,135.15
17.34,20,20.30,135,135.14
17.36,20,20.28,135,135.33
17.38,20,20.29,135,135.55
17.40,20,20.28,135,135.74
17.42,20,20.27,135,135.88
17.44,20,20.25,135,135.97
17.46,20,20.25,135,136.04
17.48,20,20.26,135,136.09
17.50,20,20.26,135,136.01
17.52,20,20.27,135,135.84
17.55,20,20.27,135,135.68
17.57,20,20.27,135,135.56
17.59,20,20.28,135,135.48
17.61,20,20.28,135,135.40
17.63,20,20.27,135,135.36
17.65,20,20.26,135,135.37
17.67,20,20.27,135,135.40
17.69,20,20.27,135,135.46
17.71,20,20.25,135,135.52
17.73,20,20.25,135,135.54
17.75,20,20.25,135,135.57
17.77,20,20.25,135,135.57
17.79,20,20.26,135,135.54
17.81,20,20.27,135,135.54
17.83,20,20.28,135,135.53
17.85,20,20.28,135,135.51
17.87,20,20.29,135,135.43
17.89,20,20.29,135,135.36
17.91,20,20.29,135,135.30
17.94,20,20.31,135,135.24
17.96,20,20.31,135,135.19
17.98,20,20.29,135,135.16
18.00,20,20.27,135,135.16
18.02,20,20.27,135,135.18
18.04,20,20.26,135,135.20
18.06,20,20.26,135,135.26
18.08,20,20.26,135,135.29
18.10,20,20.27,135,135.31
18.12,20,20.27,135,135.33
18.14,20,20.27,135,135.34
18.16,20,20.27,135,135.32
18.18,20,20.28,135,135.29
18.20,20,20.28,135,135.28
18.22,20,20.29,135,135.27
18.24,20,20.29,135,135.25
18.26,20,20.30,135,135.27
18.28,20,20.30,135,135.31
18.30,20,20.29,135,135.38
18.33,20,20.28,135,135.43
18.35,20,20.28,135,135.48
18.37,20,20.27,135,135.55
18.39,20,20.27,135,135.58
18.41,20,20.27,135,135.62
18.43,20,20.27,135,135.64
18.45,20,20.27,135,135.68
18.47,20,20.27,135,135.71
18.49,20,20.28,135,135.69
18.51,20,20.28,135,135.69
18.53,20,20.28,135,135.77
18.55,20,20.26,135,135.88
18.57,20,20.25,135,136.00
18.59,20,20.25,135,136.06
18.61,20,20.25,135,136.10
18.63,20,20.25,135,136.12
18.65,20,20.24,135,136.10
18.67,20,20.24,135,136.05
18.69,20,20.24,135,136.00
18.72,20,20.24,135,135.94
18.74,20,20.25,135,135.90
18.76,20,20.25,135,135.87
18.78,20,20.26,135,135.81
18.80,20,20.26,135,135.74
18.82,20,20.27,135,135.67
18.84,20,20.28,135,135.59
18.86,20,20.28,135,135.52
18.88,20,20.30,135,135.48
18.90,20,20.31,135,135.48
18.92,20,20.30,135,135.52
18.94,20,20.29,135,135.54
18.96,20,20.28,135,135.55
18.98,20,20.27,135,135.55
19.00,20,20.26,135,135.58
19.02,20,20.25,135,135.62
19.05,20,20.24,135,135.61
19.07,20,20.24,135,135.57
19.09,20,20.26,135,135.51
19.11,20,20.28,135,135.46
19.13,20,20.29,135,135.42
19.15,20,20.30,135,135.39
19.17,20,20.31,135,135.40
19.19,20,20.31,135,135.39
19.21,20,20.31,135,135.39
19.23,20,20.30,135,135.40
19.25,20,20.29,135,135.39
19.27,20,20.28,135,135.39
19.29,20,20.28,135,135.40
19.31,20,20.28,135,135.40
19.33,20,20.28,135,135.36
19.35,20,20.27,135,135.35
19.37,20,20.27,135,135.35
19.39,20,20.27,135,135.35
19.41,20,20.28,135,135.33
19.44,20,20.29,135,135.37
19.46,20,20.29,135,135.43
19.48,20,20.29,135,135.49
19.50,20,20.29,135,135.56
19.52,20,20.29,135,135.61
19.54,20,20.29,135,135.64
19.56,20,20.28,135,135.65
19.58,20,20.27,135,135.63
19.60,20,20.28,135,135.62
19.62,20,20.28,135,135.62
19.64,20,20.28,135,135.64
19.66,20,20.28,135,135.66
19.68,20,20.27,135,135.73
19.70,20,20.26,135,135.84
19.72,20,20.26,135,135.94
19.74,20,20.27,135,135.99
19.76,20,20.27,135,136.02
19.78,20,20.27,135,136.04
19.80,20,20.27,135,136.05
19.83,20,20.27,135,136.03
19.85,20,20.27,135,135.98
19.87,20,20.26,135,135.94
19.89,20,20.26,135,135.89
19.91,20,20.26,135,135.87
19.93,20,20.27,135,135.83
19.95,20,20.27,135,135.68
19.97,20,20.29,135,135.44
19.99,20,20.31,135,135.22
0.00,10,20.32,90,135.05
0.02,10,20.33,90,134.92
0.04,10,20.33,90,134.82
0.06,10,20.32,90,134.88
0.08,10,20.31,90,135.11
0.10,10,20.30,90,135.34
0.12,10,20.29,90,135.54
0.14,10,20.28,90,135.73
0.17,10,20.28,90,135.86
0.19,10,20.28,90,135.97
0.21,10,20.30,90,135.72
0.23,10,20.32,90,135.33
0.25,10,20.34,90,134.91
0.27,10,20.35,90,134.67
0.29,10,20.35,90,134.49
0.31,10,20.35,90,134.48
0.33,10,20.35,90,134.69
0.35,10,20.33,90,135.04
0.37,10,20.30,90,135.46
0.39,10,20.27,90,135.82
0.41,10,20.27,90,135.95
0.43,10,20.40,90,136.00
0.45,10,20.47,90,135.86
0.47,10,20.48,90,135.54
0.49,10,20.45,90,135.33
0.51,10,20.43,90,135.13
0.53,10,20.43,90,134.64
0.56,10,20.38,90,134.21
0.58,10,20.26,90,134.33
0.60,10,20.23,90,134.22
0.62,10,20.25,90,134.12
0.64,10,20.21,90,133.89
0.66,10,20.16,90,133.87
0.68,10,20.22,90,133.90
0.70,10,20.21,90,133.87
0.72,10,20.29,90,133.74
0.74,10,20.53,90,133.44
0.76,10,20.51,90,132.88
0.78,10,20.39,90,132.32
0.80,10,20.30,90,131.98
0.82,10,20.33,90,131.54
0.84,10,20.26,90,130.90
0.86,10,20.15,90,130.64
0.88,10,20.15,90,130.70
0.90,10,20.06,90,130.20
0.92,10,19.81,90,130.13
0.95,10,19.78,90,129.92
0.97,10,19.68,90,129.35
0.99,10,19.66,90,129.27
1.01,10,19.71,90,128.89
1.03,10,19.56,90,128.21
1.05,10,19.34,90,127.75
1.07,10,19.19,90,127.73
1.09,10,19.23,90,127.50
1.11,10,19.23,90,127.44
1.13,10,19.09,90,127.70
1.15,10,19.09,90,127.29
1.17,10,19.18,90,127.00
1.19,10,19.20,90,127.05
1.21,10,19.10,90,127.06
1.23,10,19.04,90,126.78
1.25,10,19.06,90,126.60
1.27,10,18.98,90,126.73
1.29,10,18.91,90,126.53
1.32,10,18.86,90,126.26
1.34,10,18.83,90,126.22
1.36,10,18.87,90,126.24
1.38,10,18.78,90,125.98
1.40,10,18.77,90,125.67
1.42,10,18.74,90,125.43
1.44,10,18.68,90,125.16
1.46,10,18.65,90,124.82
1.48,10,18.69,90,124.75
1.50,10,18.79,90,124.43
1.52,10,18.85,90,123.92
1.54,10,18.87,90,123.69
1.56,10,18.89,90,123.14
1.58,10,18.84,90,122.67
1.60,10,18.81,90,122.64
1.62,10,18.78,90,122.64
1.64,10,18.75,90,122.32
1.66,10,18.68,90,122.21
1.68,10,18.67,90,122.53
1.71,10,18.68,90,122.24
1.73,10,18.60,90,121.88
1.75,10,18.58,90,121.86
1.77,10,18.60,90,121.63
1.79,10,18.53,90,121.04
1.81,10,18.56,90,120.84
1.83,10,18.60,90,120.92
1.85,10,18.61,90,120.83
1.87,10,18.74,90,120.61
1.89,10,18.82,90,120.62
1.91,10,18.74,90,120.54
1.93,10,18.63,90,120.32
1.95,10,18.62,90,120.43
1.97,10,18.65,90,120.30
1.99,10,18.61,90,120.12
2.01,10,18.63,90,120.03
2.03,10,18.65,90,119.79
2.05,10,18.62,90,119.58
2.08,10,18.62,90,119.47
2.10,10,18.64,90,119.17
2.12,10,18.55,90,118.79
2.14,10,18.45,90,118.71
2.16,10,18.47,90,118.40
2.18,10,18.40,90,117.94
2.20,10,18.29,90,117.75
2.22,10,18.25,90,117.65
2.24,10,18.30,90,117.40
2.26,10,18.31,90,117.29
2.28,10,18.26,90,117.25
2.30,10,18.30,90,117.22
2.32,10,18.43,90,117.18
2.34,10,18.41,90,117.20
2.36,10,18.39,90,117.21
2.38,10,18.47,90,117.08
2.40,10,18.46,90,117.02
2.42,10,18.47,90,116.92
2.44,10,18.46,90,116.88
2.47,10,18.44,90,116.87
2.49,10,18.51,90,116.79
2.51,10,18.47,90,116.81
2.53,10,18.33,90,116.99
2.55,10,18.36,90,117.09
2.57,10,18.37,90,117.17
2.59,10,18.19,90,117.36
2.61,10,18.12,90,117.40
2.63,10,18.18,90,117.33
2.65,10,18.19,90,117.23
2.67,10,18.08,90,117.17
2.69,10,17.99,90,117.18
2.71,10,17.98,90,116.99
2.73,10,17.84,90,116.64
2.75,10,17.88,90,116.70
2.77,10,17.89,90,116.98
2.79,10,17.74,90,117.21
2.81,10,17.57,90,117.79
2.84,10,17.22,90,118.84
2.86,10,17.12,90,119.27
2.88,10,17.02,90,119.72
2.90,10,16.88,90,120.18
2.92,10,16.77,90,120.59
2.94,10,16.69,90,121.20
2.96,10,16.59,90,121.91
2.98,10,16.39,90,122.45
3.00,10,16.33,90,122.54
3.02,10,16.41,90,123.01
3.04,10,16.47,90,123.51
3.06,10,16.37,90,123.85
3.08,10,16.20,90,124.47
3.10,10,16.19,90,125.05
3.12,10,16.29,90,125.17
3.14,10,16.24,90,125.47
3.16,10,16.06,90,126.60
3.18,10,16.03,90,128.03
3.20,10,16.02,90,128.48
3.23,10,15.84,90,129.13
3.25,10,15.62,90,130.05
3.27,10,15.64,90,130.54
3.29,10,15.59,90,131.00
3.31,10,15.55,90,131.61
3.33,10,15.72,90,132.08
3.35,10,15.67,90,132.59
3.37,10,15.45,90,133.29
3.39,10,15.38,90,134.09
3.41,10,15.40,90,134.23
3.43,10,15.29,90,134.85
3.45,10,15.19,90,135.81
3.47,10,15.24,90,135.96
3.49,10,15.29,90,135.89
3.51,10,15.21,90,136.28
3.53,10,15.02,90,136.78
3.55,10,14.92,90,136.97
3.57,10,14.99,90,137.00
3.60,10,14.98,90,137.56
3.62,10,14.86,90,138.13
3.64,10,14.81,90,137.92
3.66,10,14.76,90,138.02
3.68,10,14.73,90,138.70
3.70,10,14.79,90,138.42
3.72,10,14.72,90,138.64
3.74,10,14.58,90,139.15
3.76,10,14.54,90,139.26
3.78,10,14.61,90,139.12
3.80,10,14.62,90,139.07
3.82,10,14.45,90,139.48
3.84,10,14.46,90,139.68
3.86,10,14.53,90,139.62
3.88,10,14.53,90,139.72
3.90,10,14.34,90,139.78
3.92,10,14.27,90,139.73
3.94,10,14.31,90,139.63
3.96,10,14.36,90,139.46
3.99,10,14.29,90,139.21
4.01,10,14.23,90,138.68
4.03,10,14.21,90,138.42
4.05,10,14.23,90,138.87
4.07,10,14.19,90,138.27
4.09,10,14.08,90,138.06
4.11,10,13.96,90,138.49
4.13,10,13.95,90,138.85
4.15,10,13.98,90,138.15
4.17,10,13.97,90,137.86
4.19,10,13.89,90,137.92
4.21,10,13.81,90,137.53
4.23,10,13.83,90,136.76
4.25,10,13.78,90,136.39
4.27,10,13.69,90,136.06
4.29,10,13.60,90,135.49
4.31,10,13.60,90,135.12
4.33,10,13.73,90,134.78
4.35,10,13.78,90,134.40
4.38,10,13.63,90,133.91
4.40,10,13.59,90,133.50
4.42,10,13.59,90,133.21
4.44,10,13.50,90,132.58
4.46,10,13.43,90,131.83
4.48,10,13.47,90,131.42
4.50,10,13.47,90,130.91
4.52,10,13.40,90,130.30
4.54,10,13.33,90,129.88
4.56,10,13.34,90,129.30
4.58,10,13.23,90,128.79
4.60,10,13.13,90,128.86
4.62,10,13.08,90,128.74
4.64,10,12.93,90,128.49
4.66,10,12.85,90,128.34
4.68,10,12.83,90,128.17
4.70,10,12.84,90,127.61
4.72,10,12.79,90,127.27
4.74,10,12.81,90,127.21
4.77,10,12.84,90,126.97
4.79,10,12.79,90,126.63
4.81,10,12.78,90,126.41
4.83,10,12.78,90,126.11
4.85,10,12.71,90,125.84
4.87,10,12.74,90,125.59
4.89,10,12.73,90,125.21
4.91,10,12.65,90,124.73
4.93,10,12.59,90,124.57
4.95,10,12.57,90,124.62
4.97,10,12.53,90,124.27
4.99,10,12.46,90,123.54
5.01,10,12.48,90,122.82
5.03,10,12.48,90,122.20
5.05,10,12.48,90,121.68
5.07,10,12.59,90,121.40
5.09,10,12.61,90,120.89
5.11,10,12.49,90,120.38
5.13,10,12.35,90,120.16
5.16,10,12.49,90,120.50
5.18,10,12.55,90,119.88
5.20,10,12.46,90,119.17
5.22,10,12.40,90,118.97
5.24,10,12.44,90,118.95
5.26,10,12.45,90,118.24
5.28,10,12.40,90,118.20
5.30,10,12.44,90,117.88
5.32,10,12.53,90,117.41
5.34,10,12.44,90,117.44
5.36,10,12.36,90,117.48
5.38,10,12.41,90,117.04
5.40,10,12.31,90,116.89
5.42,10,12.23,90,117.26
5.44,10,12.35,90,117.17
5.46,10,12.38,90,116.86
5.48,10,12.23,90,116.46
5.50,10,12.15,90,116.27
5.53,10,12.26,90,116.02
5.55,10,12.36,90,115.49
5.57,10,12.15,90,115.64
5.59,10,12.21,90,115.55
5.61,10,12.33,90,115.28
5.63,10,12.27,90,115.49
5.65,10,12.17,90,115.84
5.67,10,12.11,90,115.96
5.69,10,12.07,90,116.00
5.71,10,12.00,90,116.03
5.73,10,11.84,90,116.17
5.75,10,11.68,90,116.32
5.77,10,11.60,90,116.20
5.79,10,11.57,90,116.12
5.81,10,11.52,90,116.39
5.83,10,11.51,90,116.52
5.85,10,11.50,90,116.77
5.87,10,11.49,90,116.99
5.90,10,11.35,90,117.52
5.92,10,11.26,90,117.99
5.94,10,11.18,90,118.25
5.96,10,11.05,90,118.44
5.98,10,10.95,90,118.18
6.00,10,10.89,90,118.12
6.02,10,10.78,90,118.88
6.04,10,10.64,90,119.35
6.06,10,10.43,90,119.52
6.08,10,10.26,90,120.10
6.10,10,10.19,90,120.62
6.12,10,10.17,90,120.89
6.14,10,10.04,90,121.50
6.16,10,9.86,90,122.31
6.18,10,9.69,90,122.90
6.20,10,9.56,90,123.70
6.22,10,9.46,90,124.98
6.24,10,9.32,90,125.40
6.26,10,9.13,90,125.48
6.29,10,8.93,90,125.88
6.31,10,8.75,90,126.82
6.33,10,8.62,90,127.72
6.35,10,8.49,90,128.24
6.37,10,8.39,90,128.22
6.39,10,8.23,90,128.76
6.41,10,8.04,90,130.01
6.43,10,7.90,90,131.25
6.45,10,7.82,90,131.90
6.47,10,7.73,90,132.38
6.49,10,7.63,90,132.75
6.51,10,7.51,90,133.52
6.53,10,7.43,90,134.10
6.55,10,7.25,90,134.70
6.57,10,7.07,90,136.09
6.59,10,6.91,90,138.12
6.61,10,6.80,90,139.24
6.63,10,6.79,90,139.31
6.66,10,6.79,90,139.43
6.68,10,6.61,90,139.80
6.70,10,6.37,90,140.07
6.72,10,6.39,90,139.71
6.74,10,6.52,90,138.93
6.76,10,6.40,90,139.19
6.78,10,6.18,90,140.08
6.80,10,6.04,90,140.68
6.82,10,6.08,90,140.56
6.84,10,6.12,90,140.57
6.86,10,6.05,90,140.96
6.88,10,5.76,90,141.96
6.90,10,5.75,90,142.42
6.92,10,5.89,90,141.89
6.94,10,5.86,90,141.35
6.96,10,5.64,90,142.01
6.98,10,5.52,90,142.65
7.00,10,5.61,90,142.21
7.02,10,5.69,90,141.55
7.05,10,5.52,90,141.51
7.07,10,5.39,90,142.50
7.09,10,5.45,90,142.71
7.11,10,5.52,90,142.16
7.13,10,5.49,90,142.16
7.15,10,5.37,90,142.57
7.17,10,5.30,90,141.94
7.19,10,5.32,90,141.52
7.21,10,5.31,90,140.37
7.23,10,5.19,90,138.94
7.25,10,5.12,90,138.10
7.27,10,5.12,90,137.11
7.29,10,5.17,90,136.06
7.31,10,5.13,90,135.26
7.33,10,5.04,90,134.22
7.35,10,5.01,90,133.27
7.37,10,5.00,90,132.15
7.39,10,4.97,90,0.00
7.41,10,4.92,90,0.00
7.44,10,4.87,90,0.00
7.46,10,4.91,90,0.00
7.48,10,4.91,90,0.00
7.50,10,4.88,90,0.00
7.52,10,4.82,90,0.00
7.54,10,4.81,90,0.00
7.56,10,4.82,90,0.00
7.58,10,4.81,90,0.00
7.60,10,4.76,90,0.00
7.62,10,4.72,90,0.00
7.64,10,4.73,90,0.00
7.66,10,4.73,90,0.00
7.68,10,4.69,90,0.00
7.70,10,4.65,90,0.00
7.72,10,4.63,90,0.00
7.74,10,4.63,90,0.00
7.76,10,4.65,90,0.00
7.79,10,4.61,90,0.00
7.81,10,4.55,90,0.00
7.83,10,4.53,90,0.00
7.85,10,4.56,90,0.00
7.87,10,4.57,90,0.00
7.89,10,4.57,90,0.00
7.91,10,4.59,90,0.00
7.93,10,4.62,90,0.00
7.95,10,4.64,90,0.00
7.97,10,4.63,90,0.00
7.99,10,4.62,90,0.00
8.01,10,4.64,90,0.00
8.03,10,4.64,90,0.00
8.05,10,4.64,90,0.00
8.07,10,4.65,90,0.00
8.09,10,4.63,90,0.00
8.11,10,4.61,90,0.00
8.13,10,4.59,90,0.00
8.15,10,4.57,90,0.00
8.18,10,4.57,90,0.00
8.20,10,4.56,90,0.00
8.22,10,4.56,90,0.00
8.24,10,4.55,90,0.00
8.26,10,4.56,90,0.00
8.28,10,4.58,90,0.00
8.30,10,4.59,90,0.00
8.32,10,4.58,90,0.00
8.34,10,4.57,90,0.00
8.36,10,4.59,90,0.00
8.38,10,4.60,90,0.00
8.40,10,4.59,90,0.00
8.42,10,4.58,90,0.00
8.44,10,4.57,90,0.00
8.46,10,4.59,90,0.00
8.48,10,4.57,90,0.00
8.50,10,4.54,90,0.00
8.52,10,4.55,90,0.00
8.55,10,4.57,90,0.00
8.57,10,4.60,90,0.00
8.59,10,4.58,90,0.00
8.61,10,4.56,90,0.00
8.63,10,4.58,90,0.00
8.65,10,4.59,90,0.00
8.67,10,4.59,90,0.00
8.69,10,4.60,90,0.00
8.71,10,4.61,90,0.00
8.73,10,4.59,90,0.00
8.75,10,4.59,90,0.00
8.77,10,4.59,90,0.00
8.79,10,4.58,90,0.00
8.81,10,4.56,90,0.00
8.83,10,4.54,90,0.00
8.85,10,4.52,90,0.00
8.87,10,4.52,90,0.00
8.89,10,4.53,90,0.00
8.91,10,4.54,90,0.00
8.94,10,4.54,90,0.00
8.96,10,4.53,90,0.00
8.98,10,4.50,90,0.00
9.00,10,4.49,90,0.00
9.02,10,4.49,90,0.00
9.04,10,4.46,90,0.00
9.06,10,4.42,90,0.00
9.08,10,4.40,90,0.00
9.10,10,4.41,90,0.00
9.12,10,4.43,90,0.00
9.14,10,4.45,90,0.00
9.16,10,4.47,90,0.00
9.18,10,4.48,90,0.00
9.20,10,4.50,90,0.00
9.22,10,4.50,90,0.00
9.24,10,4.50,90,0.00
9.26,10,4.51,90,0.00
9.28,10,4.51,90,0.00
9.30,10,4.50,90,0.00
9.33,10,4.47,90,0.00
9.35,10,4.45,90,0.00
9.37,10,4.49,90,0.00
9.39,10,4.56,90,0.00
9.41,10,4.57,90,0.00
9.43,10,4.53,90,0.00
9.45,10,4.61,90,0.00
9.47,10,4.67,90,0.00
9.49,10,4.66,90,0.00
9.51,10,4.63,90,0.00
9.53,10,4.60,90,0.00
9.55,10,4.62,90,0.00
9.57,10,4.66,90,0.00
9.59,10,4.66,90,0.00
9.61,10,4.60,90,0.00
9.63,10,4.70,90,0.00
9.65,10,4.81,90,0.00
9.67,10,4.76,90,0.00
9.69,10,4.66,90,0.00
9.72,10,4.64,90,0.00
9.74,10,4.75,90,0.00
9.76,10,4.88,90,0.00
9.78,10,4.86,90,0.00
9.80,10,4.88,90,0.00
9.82,10,4.94,90,0.00
9.84,10,5.04,90,106.50
9.86,10,5.10,90,106.20
9.88,10,5.07,90,106.23
9.90,10,5.01,90,106.52
9.92,10,5.03,90,106.49
9.94,10,4.99,90,0.00
9.96,10,5.01,90,107.43
9.98,10,5.08,90,107.24
10.00,10,5.11,90,106.85
10.02,10,5.12,90,106.53
10.04,10,5.13,90,106.57
10.06,10,5.16,90,106.60
10.08,10,5.21,90,106.29
10.11,10,5.22,90,106.19
10.13,10,5.21,90,106.34
10.15,10,5.27,90,105.79
10.17,10,5.30,90,105.42
10.19,10,5.28,90,105.54
10.21,10,5.28,90,105.79
10.23,10,5.30,90,105.81
10.25,10,5.33,90,105.11
10.27,10,5.31,90,104.20
10.29,10,5.27,90,104.33
10.31,10,5.32,90,104.14
10.33,10,5.39,90,103.46
10.35,10,5.39,90,102.95
10.37,10,5.34,90,103.13
10.39,10,5.33,90,103.30
10.41,10,5.37,90,103.31
10.43,10,5.34,90,103.33
10.46,10,5.31,90,103.18
10.48,10,5.29,90,102.98
10.50,10,5.30,90,102.95
10.52,10,5.33,90,102.84
10.54,10,5.38,90,102.58
10.56,10,5.42,90,102.20
10.58,10,5.43,90,101.84
10.60,10,5.46,90,101.56
10.62,10,5.47,90,101.22
10.64,10,5.49,90,100.86
10.66,10,5.47,90,100.62
10.68,10,5.43,90,100.38
10.70,10,5.45,90,99.97
10.72,10,5.45,90,99.81
10.74,10,5.39,90,99.65
10.76,10,5.39,90,99.60
10.78,10,5.52,90,100.06
10.81,10,5.63,90,100.06
10.83,10,5.55,90,99.42
10.85,10,5.49,90,98.91
10.87,10,5.50,90,98.43
10.89,10,5.50,90,97.70
10.91,10,5.45,90,96.92
10.93,10,5.46,90,96.59
10.95,10,5.50,90,95.99
10.97,10,5.53,90,95.44
10.99,10,5.49,90,95.29
11.01,10,5.45,90,95.21
11.03,10,5.47,90,95.28
11.05,10,5.52,90,95.00
11.07,10,5.59,90,94.94
11.09,10,5.63,90,94.86
11.11,10,5.69,90,93.96
11.13,10,5.81,90,92.81
11.15,10,5.80,90,92.59
11.17,10,5.74,90,92.17
11.20,10,5.68,90,91.82
11.22,10,5.64,90,92.06
11.24,10,5.69,90,92.39
11.26,10,5.60,90,92.10
11.28,10,5.56,90,91.76
11.30,10,5.63,90,91.82
11.32,10,5.70,90,91.72
11.34,10,5.67,90,91.18
11.36,10,5.73,90,90.86
11.38,10,5.85,90,90.71
11.40,10,5.92,90,90.57
11.42,10,5.85,90,90.07
11.44,10,5.77,90,89.83
11.46,10,5.77,90,89.59
11.48,10,5.81,90,89.38
11.50,10,5.82,90,89.29
11.52,10,5.78,90,89.19
11.54,10,5.78,90,89.15
11.56,10,5.89,90,88.89
11.59,10,5.95,90,88.76
11.61,10,5.98,90,88.73
11.63,10,6.06,90,88.08
11.65,10,6.13,90,87.84
11.67,10,6.13,90,88.28
11.69,10,6.13,90,88.16
11.71,10,6.19,90,87.99
11.73,10,6.24,90,88.32
11.75,10,6.23,90,88.37
11.77,10,6.18,90,87.92
11.79,10,6.26,90,88.09
11.81,10,6.35,90,88.00
11.83,10,6.34,90,87.52
11.85,10,6.28,90,86.99
11.87,10,6.41,90,86.46
11.89,10,6.52,90,85.73
11.91,10,6.52,90,85.43
11.93,10,6.55,90,86.23
11.96,10,6.57,90,85.89
11.98,10,6.53,90,85.73
12.00,10,6.56,90,86.60
12.02,10,6.59,90,86.94
12.04,10,6.57,90,85.76
12.06,10,6.56,90,85.25
12.08,10,6.56,90,84.82
12.10,10,6.55,90,84.10
12.12,10,6.58,90,84.00
12.14,10,6.51,90,84.55
12.16,10,6.57,90,84.48
12.18,10,6.67,90,83.88
12.20,10,6.63,90,83.65
12.22,10,6.78,90,84.41
12.24,10,6.95,90,84.42
12.26,10,6.82,90,84.13
12.28,10,6.62,90,83.90
12.30,10,6.63,90,83.96
12.32,10,6.66,90,84.21
12.35,10,6.65,90,84.21
12.37,10,6.51,90,83.66
12.39,10,6.50,90,83.39
12.41,10,6.74,90,83.92
12.43,10,6.73,90,83.62
12.45,10,6.75,90,83.14
12.47,10,6.92,90,83.27
12.49,10,7.03,90,83.65
12.51,10,6.95,90,83.32
12.53,10,6.91,90,82.54
12.55,10,6.99,90,82.00
12.57,10,7.04,90,81.70
12.59,10,7.01,90,81.18
12.61,10,7.09,90,80.89
12.63,10,7.23,90,80.91
12.65,10,7.26,90,80.86
12.67,10,7.32,90,80.80
12.69,10,7.40,90,80.87
12.72,10,7.45,90,81.16
12.74,10,7.45,90,81.14
12.76,10,7.47,90,80.96
12.78,10,7.50,90,81.25
12.80,10,7.50,90,81.79
12.82,10,7.45,90,81.58
12.84,10,7.46,90,81.55
12.86,10,7.50,90,81.85
12.88,10,7.52,90,82.13
12.90,10,7.55,90,81.76
12.92,10,7.58,90,81.65
12.94,10,7.69,90,81.75
12.96,10,7.78,90,81.61
12.98,10,7.74,90,81.22
13.00,10,7.77,90,81.27
13.02,10,7.84,90,81.40
13.04,10,7.92,90,81.30
13.06,10,7.94,90,81.00
13.08,10,7.98,90,81.35
13.11,10,8.01,90,81.49
13.13,10,7.97,90,81.58
13.15,10,7.92,90,81.69
13.17,10,7.90,90,81.76
13.19,10,7.86,90,81.79
13.21,10,7.86,90,81.95
13.23,10,7.84,90,81.89
13.25,10,7.80,90,82.00
13.27,10,7.85,90,82.31
13.29,10,7.84,90,82.35
13.31,10,7.90,90,82.54
13.33,10,7.98,90,82.74
13.35,10,7.95,90,82.84
13.37,10,7.96,90,83.26
13.39,10,7.93,90,83.38
13.41,10,7.88,90,83.38
13.43,10,7.89,90,83.42
13.45,10,7.92,90,83.38
13.47,10,7.97,90,83.38
13.50,10,8.03,90,83.28
13.52,10,8.10,90,83.01
13.54,10,8.19,90,82.90
13.56,10,8.27,90,82.80
13.58,10,8.29,90,82.61
13.60,10,8.30,90,82.39
13.62,10,8.35,90,82.38
13.64,10,8.35,90,82.40
13.66,10,8.31,90,82.31
13.68,10,8.27,90,82.49
13.70,10,8.30,90,82.53
13.72,10,8.28,90,82.47
13.74,10,8.23,90,82.43
13.76,10,8.24,90,82.54
13.78,10,8.27,90,82.84
13.80,10,8.26,90,83.03
13.82,10,8.24,90,83.16
13.84,10,8.23,90,83.17
13.86,10,8.28,90,83.39
13.89,10,8.27,90,83.68
13.91,10,8.20,90,83.80
13.93,10,8.20,90,83.82
13.95,10,8.25,90,83.93
13.97,10,8.25,90,83.90
13.99,10,8.24,90,83.80
14.01,10,8.28,90,83.84
14.03,10,8.36,90,83.95
14.05,10,8.36,90,83.84
14.07,10,8.35,90,83.70
14.09,10,8.40,90,83.60
14.11,10,8.41,90,83.45
14.13,10,8.43,90,83.35
14.15,10,8.50,90,83.22
14.17,10,8.50,90,83.14
14.19,10,8.50,90,83.24
14.21,10,8.52,90,83.46
14.23,10,8.53,90,83.56
14.25,10,8.55,90,83.63
14.28,10,8.60,90,83.72
14.30,10,8.60,90,83.68
14.32,10,8.58,90,83.74
14.34,10,8.60,90,83.76
14.36,10,8.60,90,83.67
14.38,10,8.59,90,83.62
14.40,10,8.62,90,83.59
14.42,10,8.64,90,83.46
14.44,10,8.64,90,83.31
14.46,10,8.65,90,83.37
14.48,10,8.67,90,83.37
14.50,10,8.68,90,83.34
14.52,10,8.68,90,83.40
14.54,10,8.65,90,83.66
14.56,10,8.63,90,83.84
14.58,10,8.60,90,83.93
14.60,10,8.62,90,84.17
14.62,10,8.66,90,84.47
14.64,10,8.65,90,84.47
14.67,10,8.65,90,84.42
14.69,10,8.67,90,84.38
14.71,10,8.69,90,84.46
14.73,10,8.73,90,84.53
14.75,10,8.67,90,84.34
14.77,10,8.69,90,84.32
14.79,10,8.74,90,84.39
14.81,10,8.68,90,84.49
14.83,10,8.68,90,84.70
14.85,10,8.67,90,84.75
14.87,10,8.64,90,84.80
14.89,10,8.67,90,85.01
14.91,10,8.69,90,84.99
14.93,10,8.68,90,84.91
14.95,10,8.75,90,84.99
14.97,10,8.76,90,84.99
14.99,10,8.80,90,84.90
15.01,10,8.86,90,84.99
15.04,10,8.86,90,84.88
15.06,10,8.82,90,84.80
15.08,10,8.82,90,84.84
15.10,10,8.84,90,84.83
15.12,10,8.82,90,84.72
15.14,10,8.84,90,84.87
15.16,10,8.91,90,85.06
15.18,10,8.85,90,85.06
15.20,10,8.86,90,85.24
15.22,10,8.91,90,85.41
15.24,10,8.93,90,85.46
15.26,10,8.91,90,85.53
15.28,10,8.94,90,85.64
15.30,10,9.00,90,85.57
15.32,10,9.02,90,85.35
15.34,10,9.08,90,85.32
15.36,10,9.13,90,85.23
15.38,10,9.17,90,85.15
15.40,10,9.21,90,85.19
15.43,10,9.19,90,85.23
15.45,10,9.19,90,85.27
15.47,10,9.18,90,85.37
15.49,10,9.14,90,85.47
15.51,10,9.13,90,85.52
15.53,10,9.13,90,85.56
15.55,10,9.10,90,85.66
15.57,10,9.10,90,85.68
15.59,10,9.10,90,85.64
15.61,10,9.11,90,85.65
15.63,10,9.11,90,85.64
15.65,10,9.12,90,85.61
15.67,10,9.12,90,85.63
15.69,10,9.11,90,85.67
15.71,10,9.14,90,85.55
15.73,10,9.15,90,85.62
15.75,10,9.14,90,85.70
15.77,10,9.13,90,85.82
15.80,10,9.15,90,85.89
15.82,10,9.14,90,85.94
15.84,10,9.11,90,85.94
15.86,10,9.11,90,85.91
15.88,10,9.12,90,85.93
15.90,10,9.12,90,85.97
15.92,10,9.12,90,85.98
15.94,10,9.13,90,85.93
15.96,10,9.13,90,85.92
15.98,10,9.06,90,85.98
16.00,10,9.03,90,86.13
16.02,10,9.02,90,86.25
16.04,10,9.01,90,86.33
16.06,10,9.00,90,86.41
16.08,10,8.99,90,86.52
16.10,10,8.99,90,86.60
16.12,10,8.98,90,86.61
16.14,10,8.98,90,86.55
16.16,10,8.99,90,86.51
16.18,10,9.00,90,86.50
16.21,10,9.02,90,86.39
16.23,10,9.06,90,86.17
16.25,10,9.09,90,86.05
16.27,10,9.10,90,85.97
16.29,10,9.12,90,85.80
16.31,10,9.14,90,85.70
16.33,10,9.16,90,85.69
16.35,10,9.16,90,85.68
16.37,10,9.16,90,85.69
16.39,10,9.16,90,85.73
16.41,10,9.15,90,85.77
16.43,10,9.14,90,85.82
16.45,10,9.14,90,85.82
16.47,10,9.14,90,85.77
16.49,10,9.16,90,85.73
16.51,10,9.17,90,85.74
16.53,10,9.20,90,85.58
16.55,10,9.22,90,85.47
16.57,10,9.21,90,85.47
16.60,10,9.21,90,85.44
16.62,10,9.20,90,85.48
16.64,10,9.17,90,85.57
16.66,10,9.13,90,85.69
16.68,10,9.11,90,85.89
16.70,10,9.11,90,86.05
16.72,10,9.10,90,86.09
16.74,10,9.11,90,86.02
16.76,10,9.16,90,85.82
16.78,10,9.19,90,85.67
16.80,10,9.21,90,85.52
16.82,10,9.23,90,85.43
16.84,10,9.24,90,85.44
16.86,10,9.23,90,85.52
16.88,10,9.20,90,85.52
16.90,10,9.20,90,85.59
16.92,10,9.19,90,85.75
16.94,10,9.18,90,85.83
16.96,10,9.18,90,85.88
16.99,10,9.20,90,85.87
17.01,10,9.23,90,85.78
17.03,10,9.25,90,85.66
17.05,10,9.26,90,85.55
17.07,10,9.28,90,85.47
17.09,10,9.28,90,85.43
17.11,10,9.26,90,85.46
17.13,10,9.24,90,85.48
17.15,10,9.22,90,85.54
17.17,10,9.18,90,85.71
17.19,10,9.15,90,85.83
17.21,10,9.14,90,85.93
17.23,10,9.14,90,86.02
17.25,10,9.14,90,86.05
17.27,10,9.15,90,86.04
17.30,10,9.17,90,86.03
17.32,10,9.18,90,86.02
17.34,10,9.18,90,86.04
17.36,10,9.18,90,86.13
17.38,10,9.16,90,86.17
17.40,10,9.19,90,86.30
17.42,10,9.21,90,86.35
17.44,10,9.17,90,86.31
17.46,10,9.20,90,86.45
17.48,10,9.21,90,86.25
17.50,10,9.17,90,85.89
17.52,10,9.19,90,85.85
17.54,10,9.23,90,86.03
17.56,10,9.17,90,86.02
17.58,10,9.17,90,86.09
17.60,10,9.19,90,86.17
17.62,10,9.21,90,86.19
17.64,10,9.23,90,86.16
17.66,10,9.26,90,86.11
17.69,10,9.31,90,85.93
17.71,10,9.35,90,85.76
17.73,10,9.41,90,85.60
17.75,10,9.44,90,85.44
17.77,10,9.50,90,85.35
17.79,10,9.60,90,85.28
17.81,10,9.63,90,85.14
17.83,10,9.62,90,85.01
17.85,10,9.64,90,84.98
17.87,10,9.61,90,85.09
17.89,10,9.55,90,85.26
17.91,10,9.50,90,85.43
17.93,10,9.45,90,85.69
17.95,10,9.41,90,85.99
17.97,10,9.36,90,86.26
17.99,10,9.33,90,86.46
18.01,10,9.32,90,86.62
18.03,10,9.31,90,86.75
18.06,10,9.29,90,86.86
18.08,10,9.28,90,86.94
18.10,10,9.27,90,86.97
18.12,10,9.27,90,86.97
18.14,10,9.27,90,86.96
18.16,10,9.28,90,86.91
18.18,10,9.31,90,86.82
18.20,10,9.33,90,86.73
18.22,10,9.35,90,86.63
18.24,10,9.39,90,86.61
18.26,10,9.41,90,86.58
18.28,10,9.41,90,86.59
18.30,10,9.39,90,86.60
18.32,10,9.36,90,86.72
18.34,10,9.35,90,86.80
18.36,10,9.34,90,86.84
18.38,10,9.34,90,86.82
18.40,10,9.34,90,86.81
18.42,10,9.37,90,86.65
18.45,10,9.38,90,86.53
18.47,10,9.39,90,86.43
18.49,10,9.40,90,86.41
18.51,10,9.41,90,86.37
18.53,10,9.43,90,86.34
18.55,10,9.43,90,86.39
18.57,10,9.41,90,86.42
18.59,10,9.41,90,86.40
18.61,10,9.41,90,86.43
18.63,10,9.40,90,86.52
18.65,10,9.39,90,86.61
18.67,10,9.38,90,86.73
18.69,10,9.38,90,86.83
18.71,10,9.38,90,86.88
18.73,10,9.37,90,86.91
18.75,10,9.37,90,86.93
18.77,10,9.36,90,86.92
18.79,10,9.36,90,86.86
18.82,10,9.37,90,86.85
18.84,10,9.38,90,86.80
18.86,10,9.39,90,86.72
18.88,10,9.39,90,86.68
18.90,10,9.40,90,86.65
18.92,10,9.41,90,86.53
18.94,10,9.43,90,86.36
18.96,10,9.46,90,86.26
18.98,10,9.47,90,86.20
19.00,10,9.48,90,86.18
19.02,10,9.48,90,86.19
19.04,10,9.47,90,86.16
19.06,10,9.45,90,86.18
19.08,10,9.42,90,86.28
19.10,10,9.38,90,86.51
19.12,10,9.38,90,86.69
19.14,10,9.38,90,86.76
19.16,10,9.36,90,86.82
19.18,10,9.35,90,86.89
19.21,10,9.36,90,86.94
19.23,10,9.36,90,87.00
19.25,10,9.35,90,87.03
19.27,10,9.35,90,87.00
19.29,10,9.36,90,86.94
19.31,10,9.37,90,86.87
19.33,10,9.39,90,86.72
19.35,10,9.41,90,86.67
19.37,10,9.43,90,86.59
19.39,10,9.44,90,86.50
19.41,10,9.45,90,86.50
19.43,10,9.47,90,86.54
19.45,10,9.48,90,86.46
19.47,10,9.48,90,86.42
19.49,10,9.48,90,86.41
19.51,10,9.49,90,86.34
19.53,10,9.49,90,86.31
19.55,10,9.49,90,86.32
19.58,10,9.49,90,86.34
19.60,10,9.50,90,86.31
19.62,10,9.50,90,86.23
19.64,10,9.49,90,86.17
19.66,10,9.48,90,86.16
19.68,10,9.48,90,86.20
19.70,10,9.47,90,86.25
19.72,10,9.45,90,86.31
19.74,10,9.44,90,86.34
19.76,10,9.42,90,86.41
19.78,10,9.40,90,86.46
19.80,10,9.40,90,86.54
19.82,10,9.40,90,86.59
19.84,10,9.41,90,86.61
19.86,10,9.42,90,86.59
19.88,10,9.49,90,86.57
19.90,10,9.49,90,86.61
19.93,10,9.48,90,86.74
19.95,10,9.52,90,86.86
19.97,10,9.51,90,86.84
19.99,10,9.59,90,86.82
